{"stats":{"minecraft:custom":{"minecraft:mob_kills":32,"minecraft:interact_with_crafting_table":54,"minecraft:open_barrel":10,"minecraft:damage_dealt_resisted":58,"minecraft:leave_game":4,"minecraft:time_since_death":298673,"minecraft:climb_one_cm":1046,"minecraft:sprint_one_cm":732942,"minecraft:walk_one_cm":1184655,"minecraft:drop":85,"minecraft:talked_to_villager":2,"minecraft:play_time":298673,"minecraft:sneak_time":2444,"minecraft:walk_under_water_one_cm":24255,"minecraft:jump":2365,"minecraft:interact_with_blast_furnace":9,"minecraft:walk_on_water_one_cm":27593,"minecraft:total_world_time":298673,"minecraft:interact_with_furnace":42,"minecraft:pot_flower":1,"minecraft:interact_with_stonecutter":9,"minecraft:interact_with_grindstone":3,"minecraft:sleep_in_bed":16,"minecraft:time_since_rest":10130,"minecraft:damage_taken":1538,"minecraft:damage_dealt":3327,"minecraft:swim_one_cm":26287,"minecraft:fly_one_cm":252807,"minecraft:open_chest":106,"minecraft:crouch_one_cm":4306,"minecraft:interact_with_smoker":3,"minecraft:fall_one_cm":58039},"minecraft:mined":{"minecraft:white_bed":2,"minecraft:spruce_planks":136,"minecraft:blue_stained_glass_pane":1,"farmersdelight:wild_carrots":4,"minecraft:granite":6,"minecraft:stone_brick_wall":2,"minecraft:grass_block":32,"minecraft:jungle_planks":1,"biomesoplenty:potted_rainbow_birch_sapling":1,"biomesoplenty:flowering_oak_leaves":2,"minecraft:spruce_leaves":153,"minecraft:oxeye_daisy":7,"minecraft:spruce_sapling":2,"minecraft:furnace":2,"biomesoplenty:toadstool":1,"biomesoplenty:icy_iris":19,"minecraft:iron_ore":1,"biomesoplenty:violet":1,"minecraft:andesite":56,"minecraft:anvil":1,"minecraft:azure_bluet":1,"biomesoplenty:magic_log":1,"biomesoplenty:rainbow_birch_leaves":14,"biomesoplenty:fir_stairs":12,"minecraft:stone":203,"minecraft:player_head":1,"minecraft:white_wool":1,"mtr:glass_fence_ckt":1,"biomesoplenty:umbran_door":2,"minecraft:jungle_door":1,"minecraft:clay":1,"minecraft:crafting_table":4,"minecraft:cornflower":9,"minecraft:blast_furnace":2,"bakery:wild_strawberries":5,"biomesoplenty:fir_planks":126,"minecraft:chest":1,"minecraft:cobblestone":29,"biomesoplenty:sprout":4,"minecraft:grindstone":2,"minecraft:oak_planks":4,"minecraft:diorite":10,"minecraft:seagrass":2,"minecraft:coarse_dirt":1,"minecraft:birch_log":68,"minecraft:lilac":1,"minecraft:spruce_log":315,"biomesoplenty:umbran_log":112,"biomesoplenty:fir_log":184,"minecraft:grass":40,"minecraft:oak_log":6,"minecraft:coal_ore":24,"biomesoplenty:fir_leaves":7,"minecraft:dark_oak_sapling":2,"minecraft:sand":16,"minecraft:dirt":43,"minecraft:stonecutter":1,"minecraft:stone_bricks":2,"minecraft:oak_leaves":7,"minecraft:fern":30},"minecraft:crafted":{"biomesoplenty:fir_stairs":44,"minecraft:brick":3,"minecraft:oak_planks":20,"minecraft:stone_brick_wall":25,"vanillaplustools:stone_hammer":1,"minecraft:light_gray_stained_glass":24,"minecraft:blue_stained_glass_pane":32,"minecraft:furnace":3,"minecraft:stone":142,"minecraft:bone_meal":15,"minecraft:cooked_mutton":13,"minecraft:glass_pane":32,"minecraft:iron_bars":16,"minecraft:glass":55,"minecraft:leather":2,"mtr:glass_fence_ckt":44,"minecraft:iron_axe":4,"minecraft:stone_pickaxe":9,"minecraft:chest":12,"minecraft:stone_bricks":31,"minecraft:flower_pot":1,"minecraft:cooked_beef":7,"biomesoplenty:umbran_planks":8,"minecraft:blue_stained_glass":16,"minecraft:cooked_porkchop":19,"minecraft:crafting_table":2,"minecraft:spruce_planks":620,"minecraft:wooden_pickaxe":1,"biomesoplenty:umbran_door":3,"minecraft:birch_planks":64,"minecraft:stone_axe":1,"minecraft:air":0,"minecraft:blue_dye":9,"biomesoplenty:fir_planks":856,"minecraft:stick":28,"minecraft:iron_ingot":77,"minecraft:wooden_axe":1,"minecraft:stonecutter":1,"minecraft:light_gray_dye":7,"minecraft:light_gray_stained_glass_pane":80},"minecraft:used":{"minecraft:chest":12,"minecraft:spruce_planks":707,"vanillaplustools:stone_hammer":68,"minecraft:iron_chestplate":1,"minecraft:spruce_leaves":96,"minecraft:dirt":50,"minecraft:blue_stained_glass":2,"minecraft:carrot":2,"biomesoplenty:icy_iris":11,"biomesoplenty:rainbow_birch_leaves":10,"minecraft:glass":8,"minecraft:wooden_axe":49,"minecraft:iron_axe":982,"minecraft:iron_helmet":1,"minecraft:iron_boots":1,"mtr:glass_fence_ckt":39,"minecraft:stone_bricks":56,"minecraft:furnace":5,"minecraft:cooked_beef":3,"minecraft:iron_leggings":1,"minecraft:dark_oak_sapling":5,"minecraft:cooked_mutton":9,"minecraft:stone_pickaxe":42,"minecraft:oak_planks":4,"minecraft:wooden_pickaxe":46,"biomesoplenty:fir_planks":888,"minecraft:stonecutter":2,"minecraft:white_wool":3,"biomesoplenty:rainbow_birch_sapling":7,"minecraft:crafting_table":6,"minecraft:blast_furnace":2,"minecraft:white_bed":2,"minecraft:stone_brick_wall":26,"biomesoplenty:umbran_door":3,"minecraft:shears":138,"minecraft:spruce_log":259,"minecraft:blue_stained_glass_pane":26,"minecraft:flower_pot":1,"minecraft:chicken":1,"biomesoplenty:fir_stairs":52,"minecraft:spruce_sapling":40,"minecraft:stone_axe":156,"minecraft:cobblestone":40,"minecraft:cooked_porkchop":19,"minecraft:grindstone":2,"minecraft:andesite":29,"alexsmobs:animal_dictionary":2,"biomesoplenty:fir_log":1,"minecraft:bone_meal":15},"minecraft:dropped":{"minecraft:iron_ingot":76,"minecraft:cooked_beef":3,"minecraft:granite":7,"biomesoplenty:fir_sapling":1,"minecraft:emerald":32,"minecraft:dirt":2,"farmersdelight:onion":1,"minecraft:sand":7,"minecraft:white_wool":1,"minecraft:player_head":2,"alexsmobs:animal_dictionary":1,"minecraft:carrot":2,"biomesoplenty:fir_planks":1,"minecraft:spruce_planks":1,"pfm:furniture_book":1,"minecraft:spruce_log":37,"biomesoplenty:magic_log":1},"minecraft:picked_up":{"minecraft:spruce_leaves":123,"minecraft:crafting_table":4,"minecraft:flower_pot":1,"minecraft:azure_bluet":1,"minecraft:anvil":1,"minecraft:chicken":1,"minecraft:clay_ball":4,"biomesoplenty:rainbow_birch_leaves":1,"minecraft:stone_brick_wall":2,"biomesoplenty:rainbow_birch_sapling":23,"minecraft:cornflower":9,"minecraft:spruce_planks":137,"biomesoplenty:fir_planks":123,"minecraft:beef":19,"minecraft:player_head":2,"minecraft:coal_block":1,"minecraft:chest":1,"minecraft:furnace":2,"minecraft:dark_oak_sapling":5,"minecraft:stick":70,"minecraft:raw_iron":1,"minecraft:jungle_door":1,"sophisticatedbackpacks:backpack":1,"minecraft:porkchop":22,"minecraft:diorite":7,"minecraft:carrot":4,"biomesoplenty:icy_iris":15,"minecraft:arrow":2,"minecraft:rotten_flesh":2,"farmersdelight:onion":2,"minecraft:hay_block":5,"minecraft:oxeye_daisy":7,"minecraft:white_wool":5,"alexsmobs:lobster_tail":3,"minecraft:cobblestone":239,"minecraft:birch_log":61,"minecraft:feather":1,"minecraft:lilac":1,"minecraft:andesite":29,"minecraft:leather":6,"mtr:glass_fence_ckt":1,"biomesoplenty:fir_sapling":25,"biomesoplenty:fir_log":153,"biomesoplenty:umbran_door":2,"minecraft:oak_log":5,"biomesoplenty:fir_stairs":12,"minecraft:dirt":91,"minecraft:bone":4,"minecraft:glass":10,"minecraft:apple":6,"minecraft:stone_bricks":2,"minecraft:stonecutter":1,"minecraft:wheat_seeds":13,"minecraft:iron_ingot":9,"minecraft:grindstone":2,"biomesoplenty:magic_log":1,"minecraft:oak_planks":3,"biomesoplenty:umbran_log":120,"biomesoplenty:toadstool":1,"bakery:strawberry":5,"minecraft:sand":29,"minecraft:spruce_sapling":65,"minecraft:blast_furnace":2,"minecraft:white_bed":2,"minecraft:spruce_log":450,"minecraft:granite":7,"minecraft:grass":1,"alexsmobs:banana_slug_slime":3,"minecraft:coal":23},"minecraft:killed":{"alexsmobs:lobster":6,"minecraft:spider":1,"minecraft:skeleton":2,"alexsmobs:banana_slug":2,"minecraft:chicken":1,"minecraft:pig":9,"alexsmobs:skunk":1,"minecraft:creeper":1,"alexsmobs:terrapin":2,"minecraft:cow":6},"minecraft:broken":{"minecraft:iron_axe":3,"minecraft:stone_axe":2,"minecraft:wooden_axe":1}},"DataVersion":3465}