{"stats":{"minecraft:dropped":{"minecraft:player_head":2,"minecraft:cooked_beef":3,"alexsmobs:animal_dictionary":1,"minecraft:granite":7,"minecraft:carrot":2,"biomesoplenty:fir_sapling":1,"minecraft:dirt":2,"farmersdelight:onion":1,"pfm:furniture_book":1,"minecraft:sand":7,"biomesoplenty:magic_log":1,"minecraft:white_wool":1},"minecraft:used":{"minecraft:oak_planks":4,"minecraft:stone_pickaxe":42,"minecraft:wooden_pickaxe":46,"biomesoplenty:fir_planks":298,"vanillaplustools:stone_hammer":60,"minecraft:white_wool":3,"biomesoplenty:rainbow_birch_sapling":6,"minecraft:dirt":50,"minecraft:crafting_table":2,"minecraft:carrot":2,"biomesoplenty:icy_iris":8,"biomesoplenty:umbran_door":2,"minecraft:wooden_axe":49,"minecraft:flower_pot":1,"minecraft:chicken":1,"minecraft:iron_axe":276,"biomesoplenty:fir_stairs":21,"minecraft:stone_axe":94,"minecraft:cobblestone":40,"minecraft:furnace":2,"minecraft:cooked_porkchop":8,"minecraft:andesite":29,"minecraft:cooked_beef":3,"alexsmobs:animal_dictionary":2,"minecraft:dark_oak_sapling":4},"minecraft:crafted":{"minecraft:brick":3,"biomesoplenty:fir_stairs":20,"minecraft:cooked_beef":7,"biomesoplenty:umbran_planks":8,"minecraft:oak_planks":20,"vanillaplustools:stone_hammer":1,"minecraft:cooked_porkchop":11,"minecraft:crafting_table":1,"minecraft:spruce_planks":16,"minecraft:wooden_pickaxe":1,"minecraft:furnace":2,"biomesoplenty:umbran_door":3,"minecraft:stone_axe":1,"biomesoplenty:fir_planks":312,"minecraft:iron_axe":2,"minecraft:stick":28,"minecraft:iron_ingot":1,"minecraft:stone_pickaxe":9,"minecraft:wooden_axe":1,"minecraft:flower_pot":1},"minecraft:picked_up":{"minecraft:crafting_table":1,"minecraft:feather":1,"minecraft:lilac":1,"minecraft:chicken":1,"minecraft:clay_ball":4,"minecraft:andesite":29,"minecraft:leather":6,"biomesoplenty:fir_sapling":5,"biomesoplenty:fir_log":79,"biomesoplenty:umbran_door":2,"minecraft:oak_log":5,"biomesoplenty:fir_stairs":5,"biomesoplenty:rainbow_birch_sapling":11,"minecraft:dirt":54,"minecraft:apple":4,"minecraft:wheat_seeds":5,"biomesoplenty:fir_planks":17,"minecraft:spruce_planks":13,"minecraft:beef":15,"biomesoplenty:magic_log":1,"minecraft:player_head":2,"minecraft:oak_planks":3,"biomesoplenty:umbran_log":120,"minecraft:stick":22,"minecraft:dark_oak_sapling":4,"minecraft:raw_iron":1,"bakery:strawberry":5,"minecraft:jungle_door":1,"sophisticatedbackpacks:backpack":1,"minecraft:porkchop":22,"minecraft:sand":7,"minecraft:diorite":7,"minecraft:spruce_log":4,"minecraft:carrot":4,"biomesoplenty:icy_iris":12,"farmersdelight:onion":2,"minecraft:hay_block":5,"minecraft:granite":7,"alexsmobs:banana_slug_slime":3,"minecraft:coal":23,"alexsmobs:lobster_tail":3,"minecraft:white_wool":5,"minecraft:cobblestone":239,"minecraft:birch_log":37},"minecraft:killed":{"alexsmobs:lobster":6,"minecraft:pig":9,"alexsmobs:skunk":1,"minecraft:creeper":1,"alexsmobs:banana_slug":2,"alexsmobs:terrapin":2,"minecraft:chicken":1,"minecraft:cow":6},"minecraft:broken":{"minecraft:iron_axe":1,"minecraft:stone_axe":1,"minecraft:wooden_axe":1},"minecraft:mined":{"minecraft:spruce_planks":4,"minecraft:jungle_door":1,"farmersdelight:wild_carrots":4,"minecraft:clay":1,"minecraft:crafting_table":1,"minecraft:granite":6,"bakery:wild_strawberries":5,"minecraft:grass_block":25,"biomesoplenty:fir_planks":17,"minecraft:jungle_planks":1,"biomesoplenty:flowering_oak_leaves":2,"minecraft:cobblestone":29,"biomesoplenty:sprout":4,"minecraft:oak_planks":4,"minecraft:diorite":10,"biomesoplenty:icy_iris":14,"minecraft:birch_log":44,"minecraft:iron_ore":1,"minecraft:spruce_log":4,"minecraft:lilac":1,"biomesoplenty:violet":1,"minecraft:andesite":56,"biomesoplenty:umbran_log":112,"biomesoplenty:fir_log":105,"biomesoplenty:magic_log":1,"minecraft:grass":16,"minecraft:oak_log":6,"minecraft:coal_ore":24,"biomesoplenty:fir_stairs":5,"minecraft:dark_oak_sapling":1,"minecraft:sand":6,"minecraft:dirt":13,"minecraft:stone":203,"minecraft:player_head":1,"minecraft:white_wool":1,"minecraft:oak_leaves":7,"biomesoplenty:umbran_door":2,"minecraft:fern":10},"minecraft:custom":{"minecraft:interact_with_furnace":12,"minecraft:mob_kills":28,"minecraft:interact_with_crafting_table":18,"minecraft:open_barrel":10,"minecraft:pot_flower":1,"minecraft:damage_dealt_resisted":58,"minecraft:leave_game":3,"minecraft:time_since_death":125649,"minecraft:sleep_in_bed":6,"minecraft:climb_one_cm":1046,"minecraft:time_since_rest":4660,"minecraft:sprint_one_cm":270844,"minecraft:damage_taken":613,"minecraft:walk_one_cm":446730,"minecraft:drop":15,"minecraft:damage_dealt":2777,"minecraft:swim_one_cm":26287,"minecraft:talked_to_villager":2,"minecraft:fly_one_cm":133473,"minecraft:open_chest":13,"minecraft:crouch_one_cm":1637,"minecraft:play_time":125649,"minecraft:sneak_time":1119,"minecraft:walk_under_water_one_cm":23797,"minecraft:jump":1435,"minecraft:interact_with_blast_furnace":3,"minecraft:walk_on_water_one_cm":25217,"minecraft:total_world_time":125649,"minecraft:interact_with_smoker":3,"minecraft:fall_one_cm":23721}},"DataVersion":3465}