{"stats":{"minecraft:broken":{"minecraft:stone_axe":1,"minecraft:wooden_axe":1},"minecraft:crafted":{"minecraft:cooked_beef":7,"minecraft:oak_planks":4,"vanillaplustools:stone_hammer":1,"minecraft:cooked_porkchop":11,"minecraft:crafting_table":1,"minecraft:spruce_planks":16,"minecraft:wooden_pickaxe":1,"minecraft:furnace":1,"minecraft:stone_axe":1,"biomesoplenty:fir_planks":12,"minecraft:iron_axe":1,"minecraft:stick":28,"minecraft:stone_pickaxe":9,"minecraft:wooden_axe":1},"minecraft:dropped":{"minecraft:cooked_beef":3,"minecraft:granite":7,"biomesoplenty:fir_sapling":1,"pfm:furniture_book":1,"minecraft:white_wool":1},"minecraft:mined":{"minecraft:spruce_planks":4,"minecraft:jungle_door":1,"minecraft:crafting_table":1,"minecraft:granite":6,"minecraft:jungle_planks":1,"biomesoplenty:sprout":4,"minecraft:oak_planks":4,"minecraft:diorite":10,"biomesoplenty:icy_iris":13,"minecraft:birch_log":44,"minecraft:iron_ore":1,"minecraft:lilac":1,"biomesoplenty:violet":1,"minecraft:spruce_log":4,"minecraft:andesite":56,"biomesoplenty:umbran_log":112,"biomesoplenty:fir_log":19,"minecraft:grass":9,"minecraft:oak_log":1,"minecraft:coal_ore":24,"minecraft:sand":6,"minecraft:dirt":6,"minecraft:stone":203,"minecraft:player_head":1,"minecraft:white_wool":1,"minecraft:oak_leaves":5,"minecraft:fern":5},"minecraft:killed":{"alexsmobs:lobster":6,"minecraft:pig":5,"alexsmobs:skunk":1,"alexsmobs:banana_slug":1,"alexsmobs:terrapin":2,"minecraft:chicken":1,"minecraft:cow":6},"minecraft:picked_up":{"minecraft:birch_log":37,"minecraft:crafting_table":1,"minecraft:feather":1,"minecraft:lilac":1,"minecraft:chicken":1,"minecraft:andesite":29,"minecraft:leather":6,"biomesoplenty:fir_sapling":1,"biomesoplenty:fir_log":3,"minecraft:oak_log":1,"biomesoplenty:rainbow_birch_sapling":11,"minecraft:dirt":9,"minecraft:apple":2,"minecraft:wheat_seeds":1,"minecraft:spruce_planks":13,"minecraft:beef":15,"minecraft:player_head":1,"minecraft:oak_planks":3,"biomesoplenty:umbran_log":58,"minecraft:stick":15,"minecraft:raw_iron":1,"minecraft:jungle_door":1,"minecraft:porkchop":12,"minecraft:sand":7,"minecraft:diorite":7,"minecraft:spruce_log":4,"biomesoplenty:icy_iris":11,"minecraft:hay_block":5,"minecraft:granite":7,"alexsmobs:banana_slug_slime":2,"alexsmobs:lobster_tail":3,"minecraft:coal":23,"minecraft:white_wool":5,"minecraft:cobblestone":214},"minecraft:used":{"minecraft:stone_pickaxe":42,"minecraft:oak_planks":4,"minecraft:wooden_pickaxe":46,"biomesoplenty:fir_planks":12,"vanillaplustools:stone_hammer":48,"minecraft:white_wool":3,"minecraft:dirt":7,"minecraft:crafting_table":2,"minecraft:wooden_axe":49,"minecraft:iron_axe":119,"minecraft:stone_axe":94,"minecraft:cobblestone":10,"minecraft:furnace":1,"minecraft:cooked_porkchop":4,"minecraft:andesite":29,"alexsmobs:animal_dictionary":2,"minecraft:cooked_beef":3},"minecraft:custom":{"minecraft:interact_with_furnace":9,"minecraft:mob_kills":22,"minecraft:interact_with_crafting_table":10,"minecraft:open_barrel":10,"minecraft:time_since_death":62749,"minecraft:leave_game":2,"minecraft:sleep_in_bed":1,"minecraft:climb_one_cm":1046,"minecraft:time_since_rest":12860,"minecraft:sprint_one_cm":127218,"minecraft:damage_taken":348,"minecraft:walk_one_cm":215182,"minecraft:drop":7,"minecraft:damage_dealt":1909,"minecraft:swim_one_cm":25411,"minecraft:fly_one_cm":54944,"minecraft:open_chest":11,"minecraft:crouch_one_cm":1170,"minecraft:play_time":62749,"minecraft:sneak_time":553,"minecraft:walk_under_water_one_cm":16032,"minecraft:jump":807,"minecraft:walk_on_water_one_cm":14421,"minecraft:interact_with_smoker":3,"minecraft:total_world_time":62749,"minecraft:fall_one_cm":11896}},"DataVersion":3465}