{"stats":{"minecraft:mined":{"minecraft:white_bed":4,"minecraft:spruce_planks":175,"minecraft:light_gray_stained_glass_pane":1,"minecraft:blue_stained_glass_pane":1,"farmersdelight:wild_carrots":4,"gravestone:gravestone":1,"minecraft:granite":6,"minecraft:grass_block":32,"minecraft:stone_brick_wall":2,"minecraft:jungle_planks":1,"biomesoplenty:potted_rainbow_birch_sapling":1,"biomesoplenty:flowering_oak_leaves":2,"pfm:spruce_table_basic":9,"minecraft:spruce_leaves":166,"minecraft:oxeye_daisy":7,"minecraft:spruce_sapling":2,"minecraft:furnace":3,"farmersdelight:spruce_cabinet":6,"biomesoplenty:toadstool":1,"biomesoplenty:icy_iris":19,"minecraft:iron_ore":1,"biomesoplenty:violet":1,"minecraft:andesite":56,"minecraft:anvil":1,"minecraft:azure_bluet":1,"biomesoplenty:magic_log":1,"biomesoplenty:rainbow_birch_leaves":14,"biomesoplenty:fir_stairs":12,"minecraft:lantern":5,"pfm:spruce_chair_dinner":10,"pfm:spruce_log_stool":3,"minecraft:stone":203,"pfm:spruce_kitchen_counter":10,"minecraft:player_head":1,"minecraft:white_wool":1,"minecraft:cake":1,"biomesoplenty:umbran_door":2,"mtr:glass_fence_ckt":1,"minecraft:jungle_door":2,"minecraft:spruce_door":1,"minecraft:blue_stained_glass":1,"minecraft:clay":25,"minecraft:crafting_table":4,"minecraft:cornflower":9,"minecraft:torch":2,"minecraft:blast_furnace":4,"bakery:wild_strawberries":5,"biomesoplenty:fir_planks":199,"minecraft:chest":4,"minecraft:bricks":4,"minecraft:cobblestone":29,"biomesoplenty:sprout":4,"minecraft:grindstone":3,"minecraft:oak_planks":4,"pfm:spruce_herringbone_planks":6,"minecraft:diorite":10,"minecraft:seagrass":2,"minecraft:coarse_dirt":1,"pfm:spruce_white_classic_bed":2,"minecraft:birch_log":68,"minecraft:lilac":1,"minecraft:spruce_log":510,"biomesoplenty:umbran_log":112,"biomesoplenty:fir_log":190,"minecraft:grass":41,"minecraft:oak_log":6,"minecraft:coal_ore":24,"biomesoplenty:fir_leaves":8,"minecraft:dark_oak_sapling":2,"minecraft:flower_pot":1,"minecraft:sand":42,"minecraft:dirt":45,"minecraft:stonecutter":2,"minecraft:stone_bricks":2,"minecraft:chipped_anvil":1,"minecraft:oak_leaves":7,"minecraft:fern":32},"minecraft:killed":{"alexsmobs:lobster":6,"minecraft:spider":1,"minecraft:skeleton":2,"alexsmobs:banana_slug":2,"minecraft:chicken":1,"minecraft:pig":9,"alexsmobs:skunk":1,"minecraft:creeper":1,"alexsmobs:terrapin":2,"minecraft:cow":6},"minecraft:broken":{"minecraft:iron_axe":5,"minecraft:stone_axe":2,"minecraft:wooden_axe":1},"minecraft:used":{"minecraft:iron_bars":2,"minecraft:light_gray_stained_glass_pane":5,"minecraft:spruce_slab":2,"minecraft:stone_shovel":26,"farmersdelight:stove":1,"minecraft:chest":14,"minecraft:spruce_planks":770,"vanillaplustools:stone_hammer":78,"pfm:spruce_herringbone_planks":22,"minecraft:spruce_leaves":123,"minecraft:iron_chestplate":1,"minecraft:dirt":50,"minecraft:blue_stained_glass":42,"minecraft:carrot":2,"biomesoplenty:icy_iris":11,"biomesoplenty:rainbow_birch_leaves":10,"pfm:spruce_table_basic":13,"pfm:spruce_log_stool":5,"minecraft:glass":8,"minecraft:wooden_axe":49,"minecraft:chipped_anvil":1,"minecraft:bricks":12,"minecraft:lantern":40,"minecraft:iron_axe":1384,"minecraft:iron_helmet":1,"minecraft:iron_boots":1,"mtr:glass_fence_ckt":45,"minecraft:stone_bricks":66,"pfm:spruce_white_classic_bed":4,"minecraft:furnace":6,"minecraft:cooked_beef":3,"minecraft:dark_oak_sapling":5,"minecraft:iron_leggings":1,"minecraft:cooked_mutton":13,"minecraft:spruce_door":4,"minecraft:baked_potato":3,"minecraft:stone_pickaxe":42,"minecraft:oak_planks":4,"minecraft:wooden_pickaxe":46,"biomesoplenty:fir_planks":934,"minecraft:stonecutter":3,"minecraft:white_wool":3,"biomesoplenty:rainbow_birch_sapling":7,"minecraft:campfire":1,"minecraft:crafting_table":8,"vanillaplustools:stone_shovel":4,"minecraft:blast_furnace":4,"minecraft:white_bed":2,"minecraft:stone_brick_wall":26,"biomesoplenty:umbran_door":3,"minecraft:shears":138,"minecraft:cake":1,"minecraft:spruce_log":347,"minecraft:blue_stained_glass_pane":30,"minecraft:flower_pot":4,"pfm:working_table":1,"minecraft:chicken":1,"biomesoplenty:fir_stairs":57,"minecraft:spruce_sapling":72,"minecraft:stone_axe":156,"pfm:spruce_kitchen_counter":16,"pfm:spruce_classic_nightstand":4,"minecraft:cobblestone":40,"minecraft:grindstone":3,"minecraft:cooked_porkchop":19,"farmersdelight:spruce_cabinet":9,"minecraft:jungle_door":2,"minecraft:andesite":29,"minecraft:pumpkin_pie":2,"alexsmobs:animal_dictionary":2,"biomesoplenty:fir_log":1,"pfm:spruce_chair_dinner":14,"minecraft:bone_meal":15},"minecraft:dropped":{"minecraft:iron_ingot":144,"minecraft:cooked_beef":3,"minecraft:granite":7,"biomesoplenty:fir_sapling":1,"minecraft:emerald":32,"minecraft:dirt":2,"farmersdelight:onion":1,"minecraft:sand":7,"minecraft:white_wool":1,"minecraft:player_head":2,"alexsmobs:animal_dictionary":1,"minecraft:carrot":2,"biomesoplenty:fir_planks":1,"pfm:spruce_classic_nightstand":1,"minecraft:spruce_planks":1,"pfm:furniture_book":1,"minecraft:spruce_log":37,"biomesoplenty:magic_log":1},"minecraft:killed_by":{"minecraft:enderman":1},"minecraft:custom":{"minecraft:mob_kills":32,"minecraft:interact_with_crafting_table":95,"minecraft:open_barrel":10,"minecraft:damage_dealt_resisted":58,"minecraft:leave_game":5,"minecraft:time_since_death":95684,"minecraft:climb_one_cm":1046,"minecraft:sprint_one_cm":1069963,"minecraft:walk_one_cm":1511381,"minecraft:drop":111,"minecraft:chair_used":1,"minecraft:talked_to_villager":2,"minecraft:play_time":399196,"minecraft:deaths":1,"minecraft:sneak_time":3092,"minecraft:walk_under_water_one_cm":31220,"minecraft:jump":2878,"minecraft:interact_with_blast_furnace":12,"minecraft:walk_on_water_one_cm":32591,"minecraft:total_world_time":399196,"minecraft:interact_with_furnace":75,"minecraft:pot_flower":1,"minecraft:interact_with_stonecutter":11,"minecraft:interact_with_grindstone":3,"minecraft:sleep_in_bed":24,"minecraft:cabinet_searched":3,"minecraft:time_since_rest":6650,"minecraft:damage_taken":2078,"minecraft:damage_dealt":3489,"minecraft:swim_one_cm":26287,"minecraft:fly_one_cm":319216,"minecraft:open_chest":167,"minecraft:crouch_one_cm":5449,"minecraft:interact_with_smoker":3,"minecraft:fall_one_cm":71234},"minecraft:picked_up":{"minecraft:spruce_leaves":123,"minecraft:crafting_table":4,"minecraft:azure_bluet":1,"minecraft:flower_pot":2,"minecraft:clay_ball":88,"minecraft:chicken":1,"minecraft:anvil":1,"biomesoplenty:rainbow_birch_leaves":1,"pfm:spruce_log_stool":3,"minecraft:stone_brick_wall":2,"biomesoplenty:rainbow_birch_sapling":23,"minecraft:cornflower":9,"pfm:spruce_kitchen_counter":10,"biomesoplenty:fir_planks":208,"minecraft:spruce_planks":174,"minecraft:beef":37,"minecraft:player_head":2,"minecraft:coal_block":1,"minecraft:chest":4,"minecraft:furnace":3,"minecraft:dark_oak_sapling":5,"minecraft:stick":82,"minecraft:raw_iron":1,"minecraft:jungle_door":2,"farmersdelight:minced_beef":8,"minecraft:torch":2,"sophisticatedbackpacks:backpack":1,"minecraft:porkchop":34,"minecraft:cake":1,"pfm:spruce_chair_dinner":10,"minecraft:diorite":7,"minecraft:carrot":34,"minecraft:redstone":18,"biomesoplenty:icy_iris":15,"pfm:spruce_white_classic_bed":2,"minecraft:arrow":2,"minecraft:rotten_flesh":2,"pfm:spruce_table_basic":9,"minecraft:pumpkin_pie":6,"farmersdelight:onion":2,"minecraft:hay_block":5,"alexsmobs:lobster_tail":9,"minecraft:white_wool":5,"minecraft:cobblestone":239,"minecraft:oxeye_daisy":7,"minecraft:birch_log":61,"minecraft:feather":1,"minecraft:lilac":1,"minecraft:andesite":29,"minecraft:leather":6,"pfm:spruce_classic_nightstand":1,"minecraft:potato":60,"minecraft:flint":2,"mtr:glass_fence_ckt":1,"biomesoplenty:fir_sapling":26,"biomesoplenty:fir_log":159,"biomesoplenty:umbran_door":2,"minecraft:oak_log":5,"minecraft:gunpowder":1,"biomesoplenty:fir_stairs":12,"minecraft:dirt":94,"minecraft:lantern":41,"minecraft:leather_boots":2,"minecraft:glass":10,"minecraft:bone":4,"minecraft:chipped_anvil":1,"minecraft:apple":6,"minecraft:stone_bricks":2,"minecraft:stonecutter":2,"minecraft:wheat_seeds":13,"biomesoplenty:fir_boat":1,"minecraft:grindstone":3,"minecraft:iron_ingot":39,"pfm:spruce_herringbone_planks":6,"biomesoplenty:magic_log":1,"minecraft:oak_planks":3,"biomesoplenty:umbran_log":120,"biomesoplenty:toadstool":1,"bakery:strawberry":5,"farmersdelight:spruce_cabinet":6,"minecraft:sand":54,"minecraft:spruce_sapling":94,"minecraft:ink_sac":1,"minecraft:blast_furnace":4,"minecraft:white_bed":4,"minecraft:spruce_log":644,"minecraft:spider_eye":1,"minecraft:spruce_door":1,"minecraft:granite":7,"minecraft:grass":1,"alexsmobs:banana_slug_slime":3,"minecraft:bricks":4,"minecraft:coal":94,"mca:bouquet":1},"minecraft:crafted":{"minecraft:brick":59,"biomesoplenty:fir_stairs":48,"minecraft:oak_planks":20,"pfm:spruce_table_basic":4,"pfm:spruce_classic_nightstand":4,"minecraft:stone_brick_wall":25,"vanillaplustools:stone_hammer":1,"minecraft:light_gray_stained_glass":24,"minecraft:blue_stained_glass_pane":32,"minecraft:furnace":3,"minecraft:stone":142,"minecraft:bone_meal":15,"minecraft:spruce_fence":6,"pfm:spruce_kitchen_counter":6,"minecraft:cooked_mutton":13,"minecraft:glass_pane":32,"minecraft:iron_bars":16,"minecraft:glass":88,"pfm:spruce_herringbone_planks":16,"minecraft:leather":17,"mtr:glass_fence_ckt":44,"minecraft:iron_axe":6,"minecraft:spruce_slab":36,"minecraft:stone_pickaxe":9,"pfm:spruce_chair_dinner":4,"minecraft:chest":13,"minecraft:bricks":12,"minecraft:stone_bricks":39,"minecraft:flower_pot":3,"farmersdelight:stove":1,"minecraft:cooked_beef":7,"biomesoplenty:umbran_planks":8,"minecraft:blue_stained_glass":48,"minecraft:cooked_porkchop":19,"minecraft:crafting_table":4,"minecraft:spruce_planks":744,"minecraft:baked_potato":3,"minecraft:wooden_pickaxe":1,"minecraft:spruce_door":6,"minecraft:campfire":2,"biomesoplenty:umbran_door":3,"minecraft:birch_planks":64,"farmersdelight:spruce_cabinet":3,"minecraft:stone_axe":1,"minecraft:air":0,"pfm:working_table":1,"minecraft:blue_dye":9,"biomesoplenty:fir_planks":932,"minecraft:spruce_trapdoor":6,"minecraft:stick":44,"pfm:spruce_log_stool":4,"minecraft:iron_ingot":77,"minecraft:wooden_axe":1,"minecraft:stonecutter":1,"minecraft:light_gray_dye":7,"minecraft:light_gray_stained_glass_pane":80,"pfm:spruce_white_classic_bed":2}},"DataVersion":3465}