{"stats":{"minecraft:dropped":{"minecraft:cooked_beef":3,"minecraft:granite":7,"biomesoplenty:fir_sapling":1,"minecraft:dirt":2,"farmersdelight:onion":1,"minecraft:sand":7,"minecraft:white_wool":1,"minecraft:player_head":2,"alexsmobs:animal_dictionary":1,"minecraft:carrot":2,"pfm:furniture_book":1,"biomesoplenty:magic_log":1},"minecraft:used":{"minecraft:chest":9,"vanillaplustools:stone_hammer":62,"minecraft:dirt":50,"minecraft:carrot":2,"biomesoplenty:icy_iris":8,"minecraft:wooden_axe":49,"minecraft:iron_axe":343,"minecraft:furnace":3,"minecraft:cooked_beef":3,"minecraft:dark_oak_sapling":5,"minecraft:stone_pickaxe":42,"minecraft:oak_planks":4,"minecraft:wooden_pickaxe":46,"biomesoplenty:fir_planks":449,"minecraft:white_wool":3,"biomesoplenty:rainbow_birch_sapling":7,"minecraft:crafting_table":5,"biomesoplenty:umbran_door":2,"minecraft:flower_pot":1,"minecraft:chicken":1,"biomesoplenty:fir_stairs":21,"minecraft:stone_axe":94,"minecraft:cobblestone":40,"minecraft:cooked_porkchop":9,"minecraft:andesite":29,"alexsmobs:animal_dictionary":2,"minecraft:bone_meal":3},"minecraft:crafted":{"biomesoplenty:fir_stairs":20,"minecraft:brick":3,"minecraft:oak_planks":20,"vanillaplustools:stone_hammer":1,"minecraft:furnace":2,"minecraft:bone_meal":3,"minecraft:iron_axe":2,"minecraft:stone_pickaxe":9,"minecraft:chest":8,"minecraft:flower_pot":1,"minecraft:cooked_beef":7,"biomesoplenty:umbran_planks":8,"minecraft:cooked_porkchop":11,"minecraft:crafting_table":1,"minecraft:spruce_planks":16,"minecraft:wooden_pickaxe":1,"biomesoplenty:umbran_door":3,"minecraft:birch_planks":64,"minecraft:stone_axe":1,"biomesoplenty:fir_planks":468,"minecraft:stick":28,"minecraft:iron_ingot":1,"minecraft:wooden_axe":1},"minecraft:picked_up":{"minecraft:crafting_table":4,"minecraft:anvil":1,"minecraft:chicken":1,"minecraft:clay_ball":4,"biomesoplenty:rainbow_birch_sapling":22,"minecraft:spruce_planks":13,"biomesoplenty:fir_planks":34,"minecraft:beef":19,"minecraft:player_head":2,"minecraft:chest":1,"minecraft:furnace":1,"minecraft:dark_oak_sapling":5,"minecraft:stick":29,"minecraft:raw_iron":1,"minecraft:jungle_door":1,"sophisticatedbackpacks:backpack":1,"minecraft:porkchop":22,"minecraft:diorite":7,"minecraft:carrot":4,"biomesoplenty:icy_iris":12,"farmersdelight:onion":2,"minecraft:hay_block":5,"minecraft:white_wool":5,"alexsmobs:lobster_tail":3,"minecraft:cobblestone":239,"minecraft:birch_log":61,"minecraft:feather":1,"minecraft:lilac":1,"minecraft:andesite":29,"minecraft:leather":6,"biomesoplenty:fir_sapling":6,"biomesoplenty:fir_log":87,"biomesoplenty:umbran_door":2,"minecraft:oak_log":5,"biomesoplenty:fir_stairs":5,"minecraft:dirt":91,"minecraft:apple":6,"minecraft:wheat_seeds":6,"minecraft:grindstone":1,"biomesoplenty:magic_log":1,"minecraft:oak_planks":3,"biomesoplenty:umbran_log":120,"biomesoplenty:toadstool":1,"bakery:strawberry":5,"minecraft:sand":7,"minecraft:blast_furnace":1,"minecraft:spruce_log":4,"minecraft:granite":7,"alexsmobs:banana_slug_slime":3,"minecraft:coal":23},"minecraft:killed":{"alexsmobs:lobster":6,"alexsmobs:banana_slug":2,"minecraft:chicken":1,"minecraft:pig":9,"alexsmobs:skunk":1,"minecraft:creeper":1,"alexsmobs:terrapin":2,"minecraft:cow":6},"minecraft:broken":{"minecraft:iron_axe":1,"minecraft:stone_axe":1,"minecraft:wooden_axe":1},"minecraft:mined":{"minecraft:spruce_planks":4,"farmersdelight:wild_carrots":4,"minecraft:granite":6,"minecraft:grass_block":32,"minecraft:jungle_planks":1,"biomesoplenty:flowering_oak_leaves":2,"minecraft:furnace":1,"biomesoplenty:toadstool":1,"biomesoplenty:icy_iris":14,"minecraft:iron_ore":1,"biomesoplenty:violet":1,"minecraft:andesite":56,"minecraft:anvil":1,"biomesoplenty:magic_log":1,"biomesoplenty:rainbow_birch_leaves":4,"biomesoplenty:fir_stairs":5,"minecraft:stone":203,"minecraft:player_head":1,"minecraft:white_wool":1,"biomesoplenty:umbran_door":2,"minecraft:jungle_door":1,"minecraft:clay":1,"minecraft:crafting_table":4,"minecraft:blast_furnace":1,"bakery:wild_strawberries":5,"biomesoplenty:fir_planks":34,"minecraft:chest":1,"minecraft:cobblestone":29,"biomesoplenty:sprout":4,"minecraft:grindstone":1,"minecraft:oak_planks":4,"minecraft:diorite":10,"minecraft:birch_log":68,"minecraft:lilac":1,"minecraft:spruce_log":4,"biomesoplenty:umbran_log":112,"biomesoplenty:fir_log":113,"minecraft:grass":18,"minecraft:coal_ore":24,"minecraft:oak_log":6,"minecraft:dark_oak_sapling":2,"minecraft:sand":6,"minecraft:dirt":43,"minecraft:oak_leaves":7,"minecraft:fern":12},"minecraft:custom":{"minecraft:mob_kills":28,"minecraft:interact_with_crafting_table":22,"minecraft:open_barrel":10,"minecraft:damage_dealt_resisted":58,"minecraft:leave_game":3,"minecraft:time_since_death":149649,"minecraft:climb_one_cm":1046,"minecraft:sprint_one_cm":302709,"minecraft:walk_one_cm":519529,"minecraft:drop":15,"minecraft:talked_to_villager":2,"minecraft:play_time":149649,"minecraft:sneak_time":1203,"minecraft:walk_under_water_one_cm":23797,"minecraft:jump":1519,"minecraft:interact_with_blast_furnace":3,"minecraft:walk_on_water_one_cm":25217,"minecraft:total_world_time":149649,"minecraft:interact_with_furnace":12,"minecraft:pot_flower":1,"minecraft:sleep_in_bed":8,"minecraft:time_since_rest":1140,"minecraft:damage_taken":613,"minecraft:damage_dealt":2777,"minecraft:swim_one_cm":26287,"minecraft:fly_one_cm":145111,"minecraft:open_chest":28,"minecraft:crouch_one_cm":1714,"minecraft:interact_with_smoker":3,"minecraft:fall_one_cm":24975}},"DataVersion":3465}