{"stats":{"minecraft:mined":{"natural_disasters:molten_pebble":1,"gravestone:gravestone":1,"biomesoplenty:bush":5,"minecraft:grass_block":285,"minecraft:spruce_fence":1,"minecraft:light_gray_bed":1,"minecraft:spruce_leaves":1,"minecraft:rooted_dirt":6,"minecraft:furnace":2,"biomesoplenty:toadstool":5,"minecraft:iron_ore":6,"minecraft:dirt_path":2,"minecraft:lantern":1,"minecraft:stone":105,"minecraft:scaffolding":4,"minecraft:snow_block":6,"minecraft:spruce_door":1,"minecraft:powder_snow":4,"minecraft:crafting_table":5,"minecraft:torch":3,"minecraft:rose_bush":2,"minecraft:cobblestone":1,"biomesoplenty:sprout":5,"minecraft:wall_torch":1,"minecraft:spruce_log":11,"biomesoplenty:fir_log":269,"minecraft:grass":34,"minecraft:coal_ore":31,"biomesoplenty:fir_leaves":1,"minecraft:dirt":310,"minecraft:stone_bricks":5,"minecraft:oak_leaves":7,"minecraft:fern":20},"minecraft:killed":{"alexsmobs:raccoon":3,"minecraft:skeleton":1,"minecraft:horse":1,"alexsmobs:blue_jay":1,"minecraft:chicken":10,"minecraft:pig":3,"minecraft:wandering_trader":1,"minecraft:trader_llama":1,"minecraft:zombie":3,"alexsmobs:terrapin":2,"minecraft:cow":3},"minecraft:broken":{"minecraft:iron_shovel":1,"minecraft:wooden_pickaxe":1,"farmersdelight:golden_knife":1,"minecraft:iron_axe":1,"minecraft:stone_axe":1,"minecraft:wooden_axe":1,"minecraft:stone_shovel":3},"minecraft:used":{"minecraft:iron_shovel":219,"minecraft:stone_shovel":404,"minecraft:spruce_planks":6,"minecraft:stone":31,"minecraft:wooden_shovel":33,"minecraft:cooked_chicken":6,"minecraft:rotten_flesh":2,"minecraft:torch":21,"minecraft:dirt":302,"minecraft:spruce_fence":1,"minecraft:snowball":24,"minecraft:wooden_axe":49,"minecraft:lantern":2,"minecraft:iron_axe":224,"minecraft:rooted_dirt":6,"minecraft:stone_bricks":7,"minecraft:scaffolding":3,"minecraft:furnace":3,"minecraft:egg":1,"minecraft:cooked_beef":4,"minecraft:light_gray_bed":2,"minecraft:spruce_door":2,"minecraft:stone_pickaxe":133,"minecraft:oak_planks":12,"farmersdelight:golden_knife":37,"minecraft:wooden_pickaxe":58,"biomesoplenty:fir_planks":4,"minecraft:crafting_table":5,"minecraft:bread":21,"biomesoplenty:toadstool":1,"minecraft:stone_axe":129,"minecraft:cobblestone":89,"minecraft:porkchop":7},"minecraft:dropped":{"minecraft:wheat_seeds":4,"minecraft:apple":1,"biomesoplenty:fir_sapling":1,"minecraft:dirt":110,"gravestone:obituary":1,"farmersdelight:onion":2,"minecraft:iron_axe":1,"minecraft:spruce_sapling":1,"minecraft:rotten_flesh":1,"minecraft:wooden_shovel":1,"minecraft:wooden_pickaxe":2,"minecraft:scaffolding":21,"minecraft:egg":1},"minecraft:custom":{"minecraft:mob_kills":31,"minecraft:interact_with_crafting_table":22,"minecraft:leave_game":13,"minecraft:time_since_death":121840,"minecraft:climb_one_cm":4235,"minecraft:sprint_one_cm":157264,"minecraft:walk_one_cm":456728,"minecraft:drop":35,"minecraft:play_time":150332,"minecraft:deaths":2,"minecraft:sneak_time":9521,"minecraft:walk_under_water_one_cm":9732,"minecraft:jump":2042,"minecraft:interact_with_blast_furnace":14,"minecraft:walk_on_water_one_cm":18897,"minecraft:total_world_time":150332,"minecraft:interact_with_furnace":12,"minecraft:sleep_in_bed":9,"minecraft:time_since_rest":7894,"minecraft:damage_taken":2264,"minecraft:damage_dealt":4246,"minecraft:swim_one_cm":28350,"minecraft:fly_one_cm":311024,"minecraft:open_chest":33,"minecraft:crouch_one_cm":37147,"minecraft:fall_one_cm":57052,"minecraft:horse_one_cm":1877},"minecraft:picked_up":{"minecraft:crafting_table":5,"minecraft:wheat":64,"minecraft:chicken":10,"minecraft:lead":2,"minecraft:wooden_pickaxe":2,"gravestone:obituary":1,"minecraft:cornflower":2,"minecraft:iron_axe":1,"natural_disasters:molten_rock":1,"minecraft:beef":8,"farmersdelight:straw":1,"minecraft:poppy":1,"alexsmobs:raccoon_tail":1,"minecraft:light_gray_wool":3,"farmersdelight:golden_knife":1,"minecraft:egg":2,"minecraft:furnace":2,"minecraft:stick":32,"minecraft:raw_iron":6,"minecraft:torch":7,"minecraft:spruce_fence":1,"minecraft:porkchop":7,"minecraft:rotten_flesh":8,"minecraft:arrow":2,"minecraft:light_gray_bed":1,"farmersdelight:onion":2,"minecraft:saddle":1,"minecraft:snowball":24,"minecraft:white_wool":5,"minecraft:cobblestone":109,"minecraft:feather":17,"minecraft:leather":4,"biomesoplenty:fir_sapling":51,"biomesoplenty:fir_log":238,"minecraft:oak_log":3,"minecraft:dirt":585,"minecraft:lantern":2,"minecraft:bone":1,"minecraft:stone_bricks":7,"minecraft:wheat_seeds":17,"biomesoplenty:toadstool":7,"minecraft:scaffolding":24,"minecraft:spruce_sapling":1,"minecraft:spruce_log":11,"minecraft:spruce_door":1,"minecraft:diamond":1,"minecraft:gray_wool":2,"minecraft:rooted_dirt":6,"minecraft:coal":31},"minecraft:crafted":{"minecraft:oak_planks":12,"minecraft:stone_shovel":3,"minecraft:cooked_chicken":10,"minecraft:furnace":1,"minecraft:stone":31,"minecraft:iron_axe":1,"minecraft:stone_pickaxe":2,"minecraft:cooked_beef":4,"biomesoplenty:fir_wood":3,"minecraft:wooden_shovel":1,"minecraft:crafting_table":1,"minecraft:spruce_planks":44,"minecraft:wooden_pickaxe":1,"minecraft:spruce_door":3,"minecraft:stone_axe":1,"minecraft:bread":21,"minecraft:light_gray_bed":1,"biomesoplenty:fir_planks":512,"minecraft:shield":1,"minecraft:stick":24,"minecraft:iron_ingot":7,"minecraft:wooden_axe":1,"minecraft:iron_shovel":1,"minecraft:torch":20,"minecraft:shears":1}},"DataVersion":3465}