{"stats":{"minecraft:broken":{"minecraft:iron_shovel":2,"minecraft:wooden_shovel":1,"minecraft:wooden_pickaxe":1,"minecraft:stone_pickaxe":1,"farmersdelight:golden_knife":1,"minecraft:iron_axe":1,"minecraft:stone_axe":1,"minecraft:wooden_axe":1,"minecraft:stone_shovel":4},"minecraft:mined":{"natural_disasters:molten_pebble":1,"gravestone:gravestone":3,"biomesoplenty:bush":5,"minecraft:grass_block":387,"minecraft:spruce_fence":1,"minecraft:light_gray_bed":2,"minecraft:spruce_leaves":1,"minecraft:rooted_dirt":7,"minecraft:furnace":2,"biomesoplenty:toadstool":5,"minecraft:iron_ore":6,"minecraft:dirt_path":3,"minecraft:lantern":1,"minecraft:stone":203,"minecraft:scaffolding":4,"minecraft:snow_block":6,"minecraft:spruce_door":1,"minecraft:powder_snow":4,"minecraft:crafting_table":5,"minecraft:torch":4,"minecraft:rose_bush":2,"minecraft:cobblestone":1,"biomesoplenty:sprout":5,"minecraft:wall_torch":7,"minecraft:spruce_log":11,"biomesoplenty:fir_log":269,"minecraft:grass":49,"minecraft:coal_ore":55,"biomesoplenty:fir_leaves":1,"minecraft:gravel":14,"minecraft:dirt":483,"minecraft:stone_bricks":5,"minecraft:oak_leaves":7,"minecraft:fern":21},"minecraft:used":{"minecraft:iron_shovel":286,"minecraft:stone_shovel":535,"minecraft:ladder":45,"minecraft:chest":2,"minecraft:spruce_planks":6,"minecraft:stone":31,"minecraft:wooden_shovel":92,"minecraft:cooked_chicken":10,"minecraft:rotten_flesh":2,"minecraft:torch":43,"minecraft:dirt":593,"minecraft:spruce_fence":1,"minecraft:snowball":24,"minecraft:wooden_axe":49,"minecraft:lantern":2,"minecraft:iron_axe":224,"minecraft:rooted_dirt":7,"minecraft:stone_bricks":7,"minecraft:scaffolding":3,"minecraft:furnace":3,"minecraft:egg":1,"minecraft:cooked_beef":8,"minecraft:potato":36,"minecraft:light_gray_bed":3,"minecraft:spruce_door":3,"minecraft:stone_pickaxe":255,"minecraft:oak_planks":12,"farmersdelight:golden_knife":37,"minecraft:wooden_pickaxe":58,"biomesoplenty:fir_planks":13,"minecraft:crafting_table":5,"minecraft:bread":21,"biomesoplenty:toadstool":1,"minecraft:stone_axe":142,"minecraft:cobblestone":114,"minecraft:porkchop":7,"biomesoplenty:fir_sign":3},"minecraft:killed":{"alexsmobs:raccoon":3,"minecraft:skeleton":2,"minecraft:horse":1,"alexsmobs:blue_jay":1,"minecraft:chicken":10,"minecraft:pig":3,"minecraft:wandering_trader":1,"minecraft:trader_llama":2,"minecraft:zombie":4,"alexsmobs:terrapin":2,"minecraft:cow":3},"minecraft:custom":{"minecraft:mob_kills":34,"minecraft:interact_with_crafting_table":30,"minecraft:leave_game":14,"minecraft:time_since_death":8784,"minecraft:climb_one_cm":9115,"minecraft:sprint_one_cm":228548,"minecraft:walk_one_cm":572828,"minecraft:drop":42,"minecraft:play_time":210443,"minecraft:deaths":4,"minecraft:sneak_time":18756,"minecraft:walk_under_water_one_cm":12900,"minecraft:jump":2813,"minecraft:interact_with_blast_furnace":14,"minecraft:walk_on_water_one_cm":25826,"minecraft:total_world_time":210443,"minecraft:interact_with_furnace":12,"minecraft:sleep_in_bed":11,"minecraft:time_since_rest":8829,"minecraft:damage_taken":3674,"minecraft:damage_dealt":4648,"minecraft:swim_one_cm":40027,"minecraft:fly_one_cm":410859,"minecraft:open_chest":62,"minecraft:crouch_one_cm":61526,"minecraft:fall_one_cm":88428,"minecraft:horse_one_cm":1877},"minecraft:picked_up":{"minecraft:crafting_table":5,"minecraft:wheat":64,"minecraft:chicken":10,"minecraft:lead":2,"minecraft:wooden_pickaxe":2,"gravestone:obituary":1,"minecraft:cornflower":2,"minecraft:iron_axe":1,"minecraft:iron_leggings":3,"natural_disasters:molten_rock":1,"minecraft:beef":8,"farmersdelight:straw":1,"minecraft:poppy":1,"alexsmobs:raccoon_tail":1,"minecraft:light_gray_wool":3,"farmersdelight:golden_knife":1,"minecraft:egg":2,"minecraft:furnace":2,"minecraft:stick":32,"minecraft:raw_iron":6,"minecraft:torch":15,"minecraft:spruce_fence":1,"minecraft:porkchop":7,"minecraft:rotten_flesh":8,"minecraft:arrow":4,"minecraft:light_gray_bed":2,"farmersdelight:onion":2,"minecraft:saddle":1,"minecraft:snowball":24,"minecraft:white_wool":5,"minecraft:cobblestone":207,"minecraft:feather":17,"minecraft:leather":5,"biomesoplenty:fir_sapling":51,"biomesoplenty:fir_log":238,"minecraft:oak_log":3,"minecraft:dirt":848,"minecraft:lantern":2,"minecraft:bone":1,"minecraft:stone_bricks":7,"minecraft:wheat_seeds":19,"biomesoplenty:toadstool":7,"minecraft:scaffolding":24,"minecraft:gravel":14,"minecraft:spruce_sapling":1,"minecraft:spruce_log":11,"minecraft:spruce_door":1,"minecraft:diamond":1,"minecraft:gray_wool":2,"alexsmobs:maggot":2,"minecraft:rooted_dirt":7,"minecraft:coal":55},"minecraft:dropped":{"minecraft:wheat_seeds":5,"minecraft:apple":1,"biomesoplenty:fir_sapling":1,"minecraft:dirt":110,"minecraft:iron_leggings":3,"gravestone:obituary":2,"farmersdelight:onion":2,"minecraft:iron_axe":1,"minecraft:spruce_sapling":1,"alexsmobs:maggot":2,"minecraft:rotten_flesh":1,"minecraft:wooden_shovel":1,"minecraft:wooden_pickaxe":2,"minecraft:scaffolding":21,"minecraft:egg":1},"minecraft:crafted":{"minecraft:oak_planks":12,"minecraft:stone_shovel":4,"minecraft:cooked_chicken":10,"minecraft:furnace":1,"minecraft:stone":31,"minecraft:iron_axe":1,"minecraft:ladder":102,"minecraft:stone_pickaxe":3,"minecraft:chest":2,"minecraft:cooked_beef":4,"biomesoplenty:fir_wood":3,"minecraft:wooden_shovel":2,"minecraft:crafting_table":1,"minecraft:spruce_planks":44,"minecraft:wooden_pickaxe":1,"minecraft:spruce_door":3,"minecraft:stone_axe":2,"minecraft:bread":21,"biomesoplenty:fir_sign":3,"minecraft:light_gray_bed":1,"biomesoplenty:fir_planks":512,"minecraft:shield":1,"minecraft:stick":256,"minecraft:iron_ingot":7,"minecraft:wooden_axe":1,"minecraft:iron_shovel":2,"minecraft:torch":36,"minecraft:shears":1}},"DataVersion":3465}