{"stats":{"minecraft:broken":{"farmersdelight:golden_knife":1,"minecraft:stone_axe":1,"minecraft:wooden_axe":1,"minecraft:stone_shovel":2,"minecraft:wooden_pickaxe":1},"minecraft:crafted":{"minecraft:wooden_shovel":1,"minecraft:stone_shovel":3,"minecraft:crafting_table":1,"minecraft:spruce_planks":44,"minecraft:wooden_pickaxe":1,"minecraft:cooked_chicken":3,"minecraft:spruce_door":3,"minecraft:furnace":1,"minecraft:stone_axe":1,"minecraft:bread":21,"minecraft:light_gray_bed":1,"minecraft:iron_axe":1,"minecraft:stick":24,"minecraft:iron_ingot":6,"minecraft:stone_pickaxe":1,"minecraft:wooden_axe":1,"minecraft:iron_shovel":1,"minecraft:shears":1},"minecraft:dropped":{"minecraft:wheat_seeds":3,"minecraft:rotten_flesh":1,"minecraft:apple":1,"biomesoplenty:fir_sapling":1,"minecraft:wooden_shovel":1,"gravestone:obituary":1,"farmersdelight:onion":2,"minecraft:wooden_pickaxe":2,"minecraft:scaffolding":21,"minecraft:egg":1,"minecraft:spruce_sapling":1},"minecraft:mined":{"minecraft:scaffolding":4,"natural_disasters:molten_pebble":1,"minecraft:spruce_door":1,"minecraft:crafting_table":5,"gravestone:gravestone":1,"biomesoplenty:bush":2,"minecraft:grass_block":273,"minecraft:rose_bush":2,"minecraft:light_gray_bed":1,"biomesoplenty:sprout":5,"minecraft:spruce_leaves":1,"minecraft:rooted_dirt":6,"minecraft:furnace":1,"biomesoplenty:toadstool":2,"minecraft:iron_ore":6,"minecraft:spruce_log":11,"biomesoplenty:fir_log":265,"minecraft:grass":32,"minecraft:coal_ore":4,"biomesoplenty:fir_leaves":1,"minecraft:dirt":135,"minecraft:stone":93,"minecraft:oak_leaves":7,"minecraft:fern":18},"minecraft:killed":{"alexsmobs:raccoon":2,"minecraft:skeleton":1,"alexsmobs:blue_jay":1,"minecraft:zombie":2,"alexsmobs:terrapin":2,"minecraft:chicken":10,"minecraft:cow":3},"minecraft:picked_up":{"minecraft:crafting_table":5,"minecraft:wheat":64,"minecraft:feather":17,"minecraft:chicken":10,"minecraft:leather":3,"minecraft:wooden_pickaxe":2,"biomesoplenty:fir_sapling":51,"biomesoplenty:fir_log":234,"minecraft:oak_log":3,"gravestone:obituary":1,"minecraft:cornflower":2,"minecraft:dirt":406,"minecraft:bone":1,"minecraft:wheat_seeds":16,"natural_disasters:molten_rock":1,"minecraft:beef":8,"farmersdelight:straw":1,"minecraft:poppy":1,"minecraft:light_gray_wool":3,"alexsmobs:raccoon_tail":1,"farmersdelight:golden_knife":1,"minecraft:furnace":1,"minecraft:egg":2,"biomesoplenty:toadstool":4,"minecraft:scaffolding":24,"minecraft:stick":32,"minecraft:raw_iron":6,"minecraft:spruce_sapling":1,"minecraft:spruce_log":11,"minecraft:spruce_door":1,"minecraft:arrow":2,"minecraft:rotten_flesh":7,"minecraft:light_gray_bed":1,"minecraft:diamond":1,"farmersdelight:onion":2,"minecraft:rooted_dirt":6,"minecraft:coal":4,"minecraft:white_wool":2,"minecraft:cobblestone":93},"minecraft:used":{"minecraft:spruce_door":2,"minecraft:stone_shovel":395,"minecraft:stone_pickaxe":48,"farmersdelight:golden_knife":37,"minecraft:wooden_pickaxe":58,"minecraft:wooden_shovel":33,"minecraft:cooked_chicken":3,"minecraft:rotten_flesh":1,"minecraft:dirt":99,"minecraft:crafting_table":5,"minecraft:wooden_axe":49,"minecraft:bread":17,"minecraft:iron_axe":190,"minecraft:rooted_dirt":6,"biomesoplenty:toadstool":1,"minecraft:stone_axe":129,"minecraft:cobblestone":3,"minecraft:scaffolding":3,"minecraft:furnace":1,"minecraft:egg":1,"minecraft:light_gray_bed":2},"minecraft:custom":{"minecraft:interact_with_furnace":3,"minecraft:mob_kills":23,"minecraft:interact_with_crafting_table":12,"minecraft:leave_game":2,"minecraft:time_since_death":38339,"minecraft:sleep_in_bed":2,"minecraft:climb_one_cm":4235,"minecraft:time_since_rest":4561,"minecraft:sprint_one_cm":91478,"minecraft:damage_taken":1530,"minecraft:walk_one_cm":217612,"minecraft:drop":26,"minecraft:damage_dealt":2069,"minecraft:swim_one_cm":12421,"minecraft:fly_one_cm":186619,"minecraft:open_chest":24,"minecraft:crouch_one_cm":14238,"minecraft:play_time":66831,"minecraft:sneak_time":3572,"minecraft:deaths":2,"minecraft:walk_under_water_one_cm":4402,"minecraft:jump":1165,"minecraft:interact_with_blast_furnace":2,"minecraft:walk_on_water_one_cm":10771,"minecraft:total_world_time":66831,"minecraft:fall_one_cm":34796,"minecraft:horse_one_cm":1877}},"DataVersion":3465}