{"stats":{"minecraft:dropped":{"minecraft:iron_ingot":4,"biomesoplenty:pink_daffodil":2,"minecraft:cobblestone":55,"minecraft:dirt":301,"minecraft:torch":52,"minecraft:snowball":1,"minecraft:wooden_sword":1,"minecraft:sunflower":1,"minecraft:pink_tulip":1,"minecraft:gravel":4,"minecraft:sugar_cane":2,"minecraft:stone_sword":1,"minecraft:wheat":1,"minecraft:blast_furnace":2,"minecraft:scaffolding":17},"minecraft:used":{"minecraft:stone_sword":57,"minecraft:iron_shovel":414,"minecraft:chest":8,"minecraft:rotten_flesh":3,"minecraft:torch":4,"minecraft:dirt":731,"minecraft:snowball":17,"minecraft:dark_oak_planks":6,"alexsmobs:maggot":2,"minecraft:cobbled_deepslate":2,"minecraft:stone_pickaxe":132,"minecraft:wooden_pickaxe":6,"minecraft:green_bed":2,"minecraft:sugar_cane":13,"farmersdelight:onion":1,"minecraft:crafting_table":8,"minecraft:apple":8,"minecraft:bread":76,"minecraft:iron_pickaxe":15,"minecraft:gravel":1,"biomesoplenty:toadstool":1,"minecraft:stone_axe":1682,"minecraft:cobblestone":70,"biomesoplenty:fir_log":2},"minecraft:crafted":{"minecraft:wooden_sword":1,"minecraft:oak_planks":4,"minecraft:stone_pickaxe":1,"minecraft:chest":8,"minecraft:dark_oak_planks":28,"minecraft:crafting_table":1,"minecraft:wooden_pickaxe":1,"minecraft:birch_planks":48,"minecraft:stone_axe":12,"minecraft:bread":34,"minecraft:wooden_hoe":1,"minecraft:stick":8,"minecraft:stone_sword":1,"minecraft:iron_shovel":1,"minecraft:torch":52},"minecraft:picked_up":{"minecraft:crafting_table":9,"minecraft:azure_bluet":1,"aether:iron_gloves":1,"biomesoplenty:orange_autumn_sapling":11,"gravestone:obituary":1,"biomesoplenty:rainbow_birch_sapling":4,"minecraft:cornflower":3,"biomesoplenty:yellow_autumn_sapling":14,"minecraft:iron_shovel":1,"minecraft:cobbled_deepslate":2,"biomesoplenty:fir_planks":2,"minecraft:beef":4,"minecraft:poppy":3,"minecraft:iron_pickaxe":1,"minecraft:sugar_cane":15,"minecraft:stick":292,"minecraft:raw_iron":1,"minecraft:torch":104,"minecraft:green_bed":2,"minecraft:diorite":15,"aether:golden_gloves":2,"minecraft:dark_oak_planks":1,"minecraft:arrow":7,"minecraft:stone_sword":2,"minecraft:rotten_flesh":6,"minecraft:pink_tulip":1,"biomesoplenty:fir_slab":7,"minecraft:saddle":1,"sophisticatedbackpacks:copper_backpack":1,"minecraft:snowball":35,"minecraft:cobblestone":202,"minecraft:oxeye_daisy":2,"minecraft:birch_log":26,"biomesoplenty:fir_sapling":314,"biomesoplenty:fir_log":1523,"minecraft:oak_log":193,"minecraft:gunpowder":1,"minecraft:dirt":760,"minecraft:lantern":17,"minecraft:leather_boots":1,"minecraft:bone":8,"farmersdelight:iron_knife":1,"minecraft:apple":4,"minecraft:stone_bricks":1,"minecraft:bow":1,"minecraft:wheat_seeds":16,"minecraft:stone_pickaxe":1,"biomesoplenty:toadstool":2,"minecraft:scaffolding":39,"minecraft:dandelion":4,"minecraft:gravel":5,"minecraft:blast_furnace":8,"minecraft:dark_oak_log":38,"biomesoplenty:maple_sapling":47,"minecraft:stone_axe":1,"minecraft:granite":1,"minecraft:bread":46,"alexsmobs:maggot":2,"biomesoplenty:pink_daffodil":59,"minecraft:oak_sapling":14,"minecraft:coal":52,"minecraft:sunflower":1},"minecraft:killed":{"alexsmobs:raccoon":1,"minecraft:skeleton":4,"minecraft:creeper":1,"minecraft:zombie":3,"minecraft:cow":2},"minecraft:broken":{"minecraft:iron_shovel":1,"minecraft:stone_pickaxe":1,"minecraft:stone_axe":12},"minecraft:killed_by":{"minecraft:player":1,"minecraft:skeleton":1},"minecraft:mined":{"minecraft:dark_oak_planks":1,"biomesoplenty:orange_autumn_leaves":1,"minecraft:dark_oak_log":38,"gravestone:gravestone":3,"minecraft:granite":1,"biomesoplenty:bush":3,"biomesoplenty:fir_slab":8,"minecraft:grass_block":231,"biomesoplenty:toadstool":2,"minecraft:iron_ore":1,"biomesoplenty:high_grass":8,"biomesoplenty:rainbow_birch_leaves":2,"minecraft:pink_tulip":1,"minecraft:stone":76,"sophisticatedbackpacks:copper_backpack":1,"minecraft:green_bed":2,"minecraft:scaffolding":18,"minecraft:powder_snow":24,"minecraft:cornflower":2,"minecraft:crafting_table":8,"minecraft:torch":1,"minecraft:blast_furnace":6,"biomesoplenty:fir_planks":4,"minecraft:poppy":2,"biomesoplenty:high_grass_plant":12,"minecraft:tall_grass":1,"minecraft:cobblestone":7,"biomesoplenty:sprout":2,"minecraft:sugar_cane":6,"minecraft:diorite":15,"minecraft:wall_torch":1,"minecraft:birch_log":26,"biomesoplenty:pink_daffodil":56,"biomesoplenty:fir_log":1288,"minecraft:grass":50,"minecraft:coal_ore":38,"minecraft:oak_log":212,"minecraft:sunflower":1,"minecraft:gravel":2,"minecraft:dirt":199,"minecraft:stone_bricks":1,"minecraft:oak_leaves":4,"minecraft:deepslate":2,"minecraft:fern":5},"minecraft:custom":{"minecraft:mob_kills":12,"minecraft:interact_with_crafting_table":34,"minecraft:damage_dealt_resisted":198,"minecraft:eat_cake_slice":3,"minecraft:leave_game":4,"minecraft:time_since_death":13727,"minecraft:climb_one_cm":3814,"minecraft:sprint_one_cm":757361,"minecraft:walk_one_cm":528208,"minecraft:drop":25,"minecraft:damage_dealt_absorbed":114,"minecraft:play_time":204225,"minecraft:deaths":4,"minecraft:sneak_time":14768,"minecraft:walk_under_water_one_cm":8985,"minecraft:jump":3995,"minecraft:interact_with_blast_furnace":4,"minecraft:walk_on_water_one_cm":34315,"minecraft:total_world_time":204225,"minecraft:interact_with_furnace":2,"minecraft:sleep_in_bed":10,"minecraft:time_since_rest":13140,"minecraft:damage_taken":5071,"minecraft:damage_dealt":2105,"minecraft:swim_one_cm":42015,"minecraft:fly_one_cm":891467,"minecraft:open_chest":102,"minecraft:crouch_one_cm":64264,"minecraft:fall_one_cm":104246}},"DataVersion":3465}