{"stats":{"minecraft:broken":{"minecraft:iron_shovel":1,"minecraft:stone_axe":2},"minecraft:crafted":{"minecraft:wooden_sword":1,"minecraft:oak_planks":4,"minecraft:crafting_table":1,"minecraft:wooden_pickaxe":1,"minecraft:birch_planks":48,"minecraft:stone_axe":4,"minecraft:bread":34,"minecraft:stick":8,"minecraft:stone_pickaxe":1,"minecraft:stone_sword":1,"minecraft:chest":8,"minecraft:iron_shovel":1,"minecraft:dark_oak_planks":28},"minecraft:dropped":{"minecraft:gravel":4,"minecraft:iron_ingot":4,"minecraft:sugar_cane":2,"minecraft:wheat":1,"minecraft:blast_furnace":2,"minecraft:dirt":301,"minecraft:snowball":1,"minecraft:wooden_sword":1,"minecraft:sunflower":1,"minecraft:scaffolding":17,"minecraft:pink_tulip":1},"minecraft:mined":{"minecraft:dark_oak_planks":1,"biomesoplenty:orange_autumn_leaves":1,"minecraft:scaffolding":18,"minecraft:dark_oak_log":38,"minecraft:powder_snow":24,"minecraft:cornflower":2,"minecraft:crafting_table":6,"biomesoplenty:fir_slab":8,"biomesoplenty:bush":1,"minecraft:blast_furnace":6,"minecraft:grass_block":226,"biomesoplenty:fir_planks":4,"minecraft:poppy":2,"minecraft:tall_grass":1,"minecraft:cobblestone":7,"biomesoplenty:sprout":2,"minecraft:sugar_cane":6,"biomesoplenty:toadstool":2,"minecraft:birch_log":26,"minecraft:iron_ore":1,"biomesoplenty:fir_log":45,"minecraft:grass":16,"minecraft:oak_log":212,"biomesoplenty:rainbow_birch_leaves":2,"minecraft:sunflower":1,"minecraft:gravel":2,"minecraft:dirt":195,"minecraft:pink_tulip":1,"minecraft:stone":23,"minecraft:oak_leaves":4,"minecraft:green_bed":2},"minecraft:picked_up":{"minecraft:birch_log":26,"minecraft:crafting_table":6,"minecraft:azure_bluet":1,"biomesoplenty:orange_autumn_sapling":11,"biomesoplenty:fir_sapling":16,"biomesoplenty:fir_log":45,"minecraft:oak_log":193,"biomesoplenty:rainbow_birch_sapling":4,"minecraft:cornflower":2,"minecraft:dirt":525,"minecraft:lantern":17,"biomesoplenty:yellow_autumn_sapling":14,"minecraft:apple":4,"minecraft:wheat_seeds":5,"biomesoplenty:fir_planks":2,"minecraft:poppy":2,"minecraft:sugar_cane":15,"biomesoplenty:toadstool":2,"minecraft:scaffolding":28,"minecraft:stick":63,"minecraft:raw_iron":1,"minecraft:green_bed":2,"minecraft:dandelion":2,"minecraft:gravel":5,"minecraft:blast_furnace":8,"aether:golden_gloves":1,"minecraft:dark_oak_log":38,"minecraft:dark_oak_planks":1,"biomesoplenty:maple_sapling":47,"minecraft:rotten_flesh":3,"biomesoplenty:fir_slab":7,"minecraft:pink_tulip":1,"minecraft:bread":4,"minecraft:oak_sapling":14,"minecraft:snowball":18,"minecraft:cobblestone":30,"minecraft:sunflower":1},"minecraft:used":{"minecraft:iron_shovel":412,"minecraft:stone_pickaxe":34,"minecraft:wooden_pickaxe":6,"minecraft:chest":8,"minecraft:sugar_cane":13,"minecraft:green_bed":2,"minecraft:rotten_flesh":3,"minecraft:dirt":503,"minecraft:crafting_table":6,"minecraft:dark_oak_planks":6,"minecraft:bread":24,"minecraft:gravel":1,"biomesoplenty:toadstool":1,"minecraft:stone_axe":379,"minecraft:cobblestone":4},"minecraft:custom":{"minecraft:interact_with_crafting_table":23,"minecraft:eat_cake_slice":3,"minecraft:leave_game":2,"minecraft:time_since_death":84722,"minecraft:sleep_in_bed":4,"minecraft:climb_one_cm":3814,"minecraft:time_since_rest":7537,"minecraft:sprint_one_cm":360963,"minecraft:damage_taken":663,"minecraft:walk_one_cm":230315,"minecraft:drop":18,"minecraft:damage_dealt":27,"minecraft:swim_one_cm":8947,"minecraft:fly_one_cm":428327,"minecraft:open_chest":54,"minecraft:crouch_one_cm":33160,"minecraft:play_time":84722,"minecraft:sneak_time":5997,"minecraft:walk_under_water_one_cm":2692,"minecraft:jump":1761,"minecraft:interact_with_blast_furnace":2,"minecraft:walk_on_water_one_cm":10411,"minecraft:total_world_time":84722,"minecraft:fall_one_cm":40545}},"DataVersion":3465}