{"stats":{"minecraft:broken":{"minecraft:iron_shovel":2,"minecraft:stone_pickaxe":1,"minecraft:stone_axe":13,"minecraft:stone_sword":1,"minecraft:iron_axe":1,"minecraft:leather_boots":1,"minecraft:iron_pickaxe":3},"minecraft:mined":{"minecraft:dark_oak_planks":18,"minecraft:red_nether_brick_slab":12,"minecraft:spruce_planks":1,"minecraft:mossy_stone_brick_slab":3,"minecraft:cherry_log":37,"minecraft:red_nether_bricks":57,"minecraft:spruce_trapdoor":3,"minecraft:granite":6,"biomesoplenty:fir_slab":8,"minecraft:grass_block":491,"minecraft:coal_block":2,"minecraft:oxeye_daisy":1,"minecraft:spawner":2,"biomesoplenty:stripped_fir_log":4,"minecraft:raw_iron_block":2,"minecraft:magma_block":31,"minecraft:red_nether_brick_stairs":3,"minecraft:iron_ore":54,"minecraft:fire":1,"modernlife:dark_oak_wall_shelf":1,"minecraft:deepslate_lapis_ore":2,"minecraft:pink_tulip":1,"minecraft:white_banner":1,"minecraft:player_head":2,"sophisticatedbackpacks:copper_backpack":1,"minecraft:spruce_slab":2,"farmersdelight:wild_potatoes":4,"minecraft:green_bed":2,"minecraft:deepslate_redstone_ore":4,"minecraft:blackstone":19,"minecraft:medium_amethyst_bud":1,"minecraft:smoker":1,"minecraft:amethyst_cluster":15,"minecraft:powder_snow":24,"minecraft:torch":10,"minecraft:blast_furnace":7,"minecraft:calcite":61,"minecraft:poppy":2,"minecraft:spruce_wall_sign":1,"minecraft:cobblestone":46,"minecraft:sugar_cane":6,"minecraft:oak_planks":122,"minecraft:wall_torch":13,"minecraft:amethyst_block":3,"minecraft:pink_petals":91,"minecraft:cyan_wool":1,"minecraft:birch_log":26,"minecraft:wheat":212,"minecraft:tnt":3,"biomesoplenty:fir_log":1505,"minecraft:stone_brick_stairs":1,"minecraft:grass":75,"biomesoplenty:dead_log":32,"minecraft:oak_log":226,"minecraft:dirt":289,"minecraft:smooth_basalt":1,"minecraft:oak_leaves":4,"minecraft:cyan_candle":1,"minecraft:deepslate":73,"biomesoplenty:orange_autumn_leaves":1,"alexscaves:spelunkery_table":2,"minecraft:tuff":9,"minecraft:yellow_wall_banner":1,"minecraft:mossy_cobblestone":11,"minecraft:deepslate_diamond_ore":5,"minecraft:dark_oak_log":38,"minecraft:mangrove_wall_sign":2,"gravestone:gravestone":19,"biomesoplenty:bush":3,"minecraft:spruce_fence":1,"minecraft:hay_block":13,"biomesoplenty:toadstool":2,"minecraft:andesite":1,"minecraft:stripped_spruce_log":8,"minecraft:peony":1,"minecraft:gold_block":1,"minecraft:polished_deepslate":2,"minecraft:mossy_stone_brick_stairs":1,"minecraft:bookshelf":7,"biomesoplenty:high_grass":8,"biomesoplenty:rainbow_birch_leaves":2,"minecraft:deepslate_iron_ore":56,"minecraft:smooth_quartz_stairs":28,"minecraft:stone":146,"minecraft:cake":1,"minecraft:scaffolding":49,"minecraft:basalt":25,"minecraft:stone_brick_slab":47,"minecraft:crafting_table":15,"minecraft:cornflower":2,"biomesoplenty:fir_planks":4,"minecraft:copper_ore":2,"biomesoplenty:high_grass_plant":12,"minecraft:tall_grass":1,"minecraft:deepslate_gold_ore":2,"biomesoplenty:sprout":2,"minecraft:lapis_ore":1,"minecraft:diorite":23,"minecraft:spruce_stairs":1,"minecraft:black_stained_glass":3,"biomesoplenty:pink_daffodil":56,"minecraft:mangrove_slab":1,"minecraft:coal_ore":128,"minecraft:gravel":2,"minecraft:sunflower":1,"minecraft:cyan_carpet":4,"minecraft:cobweb":5,"minecraft:cracked_stone_bricks":4,"minecraft:stone_bricks":13,"minecraft:gold_ore":3,"minecraft:fern":14},"minecraft:used":{"minecraft:cherry_sapling":2,"minecraft:iron_shovel":741,"minecraft:ladder":2,"minecraft:chest":9,"minecraft:shield":48,"minecraft:iron_sword":163,"minecraft:player_head":1,"minecraft:rotten_flesh":10,"minecraft:cyan_wool":1,"minecraft:snowball":17,"minecraft:lava_bucket":1,"biomesoplenty:fir_sapling":6,"minecraft:bow":4,"minecraft:scaffolding":16,"minecraft:egg":2,"minecraft:stone_pickaxe":132,"minecraft:oak_planks":18,"minecraft:blackstone":2,"minecraft:wooden_pickaxe":6,"minecraft:sugar_cane":13,"modernlife:dark_oak_wall_shelf":1,"bakery:street_sign":1,"minecraft:blast_furnace":1,"minecraft:bread":162,"minecraft:cyan_carpet":3,"minecraft:gravel":1,"minecraft:bone_meal":59,"minecraft:stone_sword":203,"minecraft:flint_and_steel":1,"minecraft:stone_hoe":97,"minecraft:torch":59,"minecraft:dirt":1129,"minecraft:spruce_stairs":2,"minecraft:granite":1,"minecraft:stone_brick_slab":208,"minecraft:dark_oak_planks":6,"alexsmobs:maggot":4,"minecraft:iron_axe":422,"minecraft:iron_boots":1,"alexscaves:spelunkery_table":2,"minecraft:cooked_beef":12,"minecraft:cobbled_deepslate":2,"minecraft:iron_leggings":2,"minecraft:calcite":10,"minecraft:wheat_seeds":298,"minecraft:cooked_mutton":1,"farmersdelight:iron_knife":8,"minecraft:water_bucket":42,"minecraft:spruce_sign":2,"minecraft:green_bed":2,"minecraft:stonecutter":1,"farmersdelight:onion":1,"minecraft:crafting_table":15,"minecraft:mangrove_sign":2,"minecraft:spruce_log":8,"minecraft:cake":1,"minecraft:smoker":4,"minecraft:oak_log":83,"minecraft:apple":24,"minecraft:iron_pickaxe":839,"biomesoplenty:toadstool":1,"minecraft:stone_axe":1830,"minecraft:pink_petals":228,"minecraft:cobblestone":130,"minecraft:cooked_porkchop":8,"minecraft:bucket":44,"biomesoplenty:fir_log":509},"minecraft:killed":{"minecraft:spider":4,"minecraft:skeleton":31,"minecraft:chicken":1,"minecraft:pig":3,"minecraft:creeper":4,"minecraft:sheep":8,"minecraft:pillager":3,"minecraft:zombie":32,"alexsmobs:fly":3,"minecraft:cow":2,"alexsmobs:raccoon":1,"minecraft:slime":1,"minecraft:husk":7,"minecraft:enderman":2},"minecraft:killed_by":{"minecraft:creeper":1,"minecraft:zombie":1,"minecraft:husk":3,"minecraft:player":2,"minecraft:skeleton":9},"minecraft:custom":{"minecraft:interact_with_crafting_table":93,"minecraft:open_barrel":23,"minecraft:eat_cake_slice":10,"minecraft:leave_game":10,"minecraft:time_since_death":18367,"minecraft:sprint_one_cm":1920622,"minecraft:damage_blocked_by_shield":2020,"minecraft:drop":87,"minecraft:play_time":686917,"minecraft:deaths":19,"minecraft:jump":9890,"minecraft:walk_on_water_one_cm":118285,"minecraft:interact_with_furnace":59,"minecraft:interact_with_loom":9,"minecraft:sleep_in_bed":23,"minecraft:damage_dealt":18070,"minecraft:player_kills":2,"minecraft:crouch_one_cm":238483,"minecraft:interact_with_smoker":34,"minecraft:mob_kills":108,"minecraft:damage_dealt_resisted":198,"minecraft:climb_one_cm":32566,"minecraft:walk_one_cm":1606854,"minecraft:damage_dealt_absorbed":114,"minecraft:sneak_time":56990,"minecraft:walk_under_water_one_cm":28205,"minecraft:interact_with_blast_furnace":38,"minecraft:total_world_time":686917,"minecraft:interact_with_stonecutter":6,"minecraft:time_since_rest":10380,"minecraft:damage_taken":13995,"minecraft:swim_one_cm":145208,"minecraft:fly_one_cm":1953659,"minecraft:open_chest":396,"minecraft:fall_one_cm":231981},"minecraft:picked_up":{"minecraft:wheat":207,"aether:iron_gloves":2,"biomesoplenty:orange_autumn_sapling":11,"minecraft:stone_brick_stairs":1,"biomesoplenty:rainbow_birch_sapling":4,"minecraft:amethyst_block":3,"minecraft:polished_deepslate":2,"minecraft:raw_copper":7,"minecraft:string":10,"biomesoplenty:yellow_autumn_sapling":14,"minecraft:red_nether_bricks":55,"minecraft:iron_leggings":1,"biomesoplenty:dead_sapling":2,"minecraft:cobbled_deepslate":82,"biomesoplenty:fir_planks":3,"minecraft:spruce_planks":2,"minecraft:calcite":60,"minecraft:iron_pickaxe":1,"minecraft:coal_block":2,"minecraft:smooth_quartz_stairs":28,"minecraft:iron_boots":1,"mca:wedding_ring":2,"minecraft:stick":348,"minecraft:torch":129,"minecraft:green_bed":2,"minecraft:spruce_stairs":2,"modernlife:oak_log_ramp":2,"minecraft:porkchop":3,"minecraft:cherry_log":36,"minecraft:diorite":22,"aether:golden_gloves":3,"minecraft:yellow_banner":1,"minecraft:stone_sword":2,"minecraft:rotten_flesh":46,"biomesoplenty:fir_slab":7,"minecraft:snowball":35,"minecraft:cobblestone":290,"minecraft:birch_log":26,"minecraft:pink_petals":248,"minecraft:magma_block":7,"minecraft:andesite":2,"bakery:street_sign":1,"minecraft:smoker":1,"minecraft:potato":4,"biomesoplenty:dead_log":32,"biomesoplenty:fir_sapling":369,"biomesoplenty:fir_log":1739,"minecraft:tuff":9,"minecraft:lapis_lazuli":15,"minecraft:mangrove_slab":1,"minecraft:dirt":1113,"minecraft:lantern":17,"minecraft:leather_boots":1,"minecraft:bone":48,"farmersdelight:iron_knife":2,"minecraft:bow":4,"minecraft:wheat_seeds":599,"minecraft:raw_gold":5,"minecraft:cyan_candle":3,"minecraft:oak_planks":117,"minecraft:mossy_stone_brick_stairs":1,"biomesoplenty:toadstool":3,"minecraft:stripped_spruce_log":8,"sophisticatedbackpacks:iron_backpack":2,"minecraft:ink_sac":2,"minecraft:dark_oak_log":38,"minecraft:mossy_cobblestone":11,"minecraft:diamond":5,"minecraft:crossbow":1,"minecraft:granite":6,"minecraft:bone_meal":6,"minecraft:spruce_sign":3,"minecraft:bread":48,"alexsmobs:maggot":4,"biomesoplenty:pink_daffodil":59,"minecraft:oak_sapling":14,"mca:bouquet":2,"minecraft:crafting_table":14,"minecraft:azure_bluet":1,"minecraft:chicken":1,"minecraft:ladder":2,"minecraft:gold_block":1,"gravestone:obituary":2,"minecraft:shield":1,"minecraft:cornflower":3,"minecraft:iron_shovel":1,"minecraft:blackstone":13,"minecraft:cyan_carpet":5,"minecraft:cracked_stone_bricks":4,"minecraft:beef":4,"minecraft:cyan_wool":1,"minecraft:player_head":2,"minecraft:poppy":3,"minecraft:spruce_slab":1,"minecraft:light_gray_wool":1,"minecraft:sugar_cane":15,"minecraft:spruce_trapdoor":3,"minecraft:egg":2,"minecraft:raw_iron":110,"sophisticatedbackpacks:crafting_upgrade":1,"sophisticatedbackpacks:backpack":4,"minecraft:spruce_fence":1,"minecraft:mangrove_sign":2,"minecraft:carrot":1,"minecraft:redstone":17,"modernlife:dark_oak_wall_shelf":2,"minecraft:dark_oak_planks":18,"minecraft:tnt":3,"minecraft:arrow":64,"modernlife:guitar":1,"minecraft:peony":1,"minecraft:hay_block":11,"alexscaves:spelunkery_table":2,"minecraft:pink_tulip":1,"minecraft:saddle":1,"sophisticatedbackpacks:copper_backpack":1,"biomesoplenty:fir_wood":1,"minecraft:mutton":15,"minecraft:rail":2,"minecraft:white_wool":6,"minecraft:oxeye_daisy":3,"minecraft:basalt":6,"minecraft:glow_ink_sac":2,"minecraft:oak_log":207,"minecraft:gunpowder":7,"minecraft:paper":1,"minecraft:white_banner":1,"minecraft:red_nether_brick_stairs":3,"biomesoplenty:stripped_fir_log":4,"minecraft:stone_bricks":17,"minecraft:apple":4,"minecraft:gray_carpet":1,"minecraft:iron_ingot":1,"minecraft:stone_pickaxe":1,"minecraft:book":24,"minecraft:scaffolding":89,"minecraft:smooth_basalt":1,"minecraft:stone_brick_slab":53,"minecraft:dandelion":6,"minecraft:raw_iron_block":2,"minecraft:gravel":5,"minecraft:amethyst_shard":60,"minecraft:blast_furnace":9,"minecraft:mossy_stone_brick_slab":3,"minecraft:spider_eye":5,"biomesoplenty:maple_sapling":47,"minecraft:slime_ball":2,"minecraft:stone_axe":1,"minecraft:cherry_sapling":26,"minecraft:red_nether_brick_slab":12,"minecraft:coal":152,"minecraft:ender_pearl":2,"minecraft:sunflower":1},"minecraft:dropped":{"sophisticatedbackpacks:iron_backpack":3,"minecraft:porkchop":1,"biomesoplenty:pink_daffodil":2,"mca:bouquet":1,"modernlife:dark_oak_wall_shelf":1,"minecraft:dirt":301,"minecraft:snowball":1,"gravestone:obituary":13,"minecraft:wooden_sword":1,"minecraft:sunflower":1,"minecraft:gravel":4,"minecraft:stone_axe":1,"minecraft:sugar_cane":2,"alexscaves:cave_tablet":3,"minecraft:wheat":1,"minecraft:oak_planks":26,"minecraft:carrot":1,"farmersdelight:rope":5,"minecraft:scaffolding":51,"farmersdelight:tomato_seeds":4,"minecraft:stone_hoe":1,"minecraft:iron_ingot":10,"minecraft:bread":33,"minecraft:cobblestone":56,"minecraft:coal":64,"minecraft:stick":2,"mca:wedding_ring":3,"minecraft:torch":52,"minecraft:iron_axe":1,"sophisticatedbackpacks:crafting_upgrade":1,"minecraft:paper":1,"minecraft:string":2,"minecraft:pink_tulip":2,"minecraft:player_head":1,"minecraft:stone_sword":1,"minecraft:raw_copper":7,"minecraft:raw_iron":11,"sophisticatedbackpacks:backpack":1,"modernlife:oak_log_ramp":2,"minecraft:blast_furnace":2,"minecraft:stone":163,"minecraft:shield":1,"minecraft:spruce_trapdoor":2,"minecraft:spruce_planks":2,"minecraft:andesite":1,"minecraft:stone_bricks":3,"minecraft:brick":23},"minecraft:crafted":{"minecraft:oak_planks":4,"minecraft:stone":276,"sophisticatedbackpacks:crafting_upgrade":1,"minecraft:cooked_mutton":11,"minecraft:bow":1,"minecraft:chest":10,"minecraft:stone_hoe":1,"minecraft:smoker":3,"minecraft:cooked_porkchop":12,"minecraft:crafting_table":3,"minecraft:iron_helmet":1,"minecraft:wooden_pickaxe":1,"minecraft:birch_planks":56,"sophisticatedbackpacks:upgrade_base":1,"biomesoplenty:fir_planks":156,"minecraft:iron_chestplate":1,"minecraft:wooden_hoe":1,"minecraft:paper":3,"minecraft:shield":2,"minecraft:stick":8,"minecraft:iron_ingot":155,"minecraft:iron_pickaxe":2,"minecraft:stone_sword":2,"minecraft:gold_ingot":9,"minecraft:wooden_sword":1,"minecraft:raw_iron":18,"minecraft:furnace":3,"minecraft:bone_meal":69,"minecraft:iron_axe":3,"minecraft:stone_pickaxe":1,"minecraft:dark_oak_planks":28,"sophisticatedbackpacks:iron_backpack":3,"minecraft:wheat":99,"minecraft:cooked_beef":12,"minecraft:iron_sword":1,"minecraft:bucket":1,"minecraft:stone_axe":15,"minecraft:bread":127,"minecraft:air":0,"minecraft:gold_nugget":1,"minecraft:iron_shovel":3,"minecraft:stonecutter":1,"minecraft:torch":52,"mca:wedding_ring":4,"minecraft:brick":23}},"DataVersion":3465}