{"stats":{"minecraft:dropped":{"minecraft:gravel":4,"minecraft:iron_ingot":4,"minecraft:sugar_cane":2,"minecraft:stone_sword":1,"minecraft:wheat":1,"minecraft:cobblestone":55,"minecraft:blast_furnace":2,"minecraft:dirt":301,"minecraft:torch":52,"minecraft:snowball":1,"minecraft:wooden_sword":1,"minecraft:sunflower":1,"minecraft:scaffolding":17,"minecraft:pink_tulip":1},"minecraft:used":{"minecraft:stone_sword":37,"minecraft:iron_shovel":414,"minecraft:stone_pickaxe":75,"minecraft:wooden_pickaxe":6,"minecraft:chest":8,"minecraft:sugar_cane":13,"minecraft:green_bed":2,"minecraft:rotten_flesh":3,"minecraft:torch":4,"farmersdelight:onion":1,"minecraft:dirt":731,"minecraft:crafting_table":8,"minecraft:snowball":17,"minecraft:dark_oak_planks":6,"alexsmobs:maggot":2,"minecraft:apple":8,"minecraft:bread":71,"minecraft:iron_pickaxe":15,"minecraft:gravel":1,"biomesoplenty:toadstool":1,"minecraft:stone_axe":1682,"minecraft:cobblestone":70,"biomesoplenty:fir_log":2},"minecraft:crafted":{"minecraft:wooden_sword":1,"minecraft:oak_planks":4,"minecraft:crafting_table":1,"minecraft:wooden_pickaxe":1,"minecraft:birch_planks":48,"minecraft:stone_axe":12,"minecraft:bread":34,"minecraft:wooden_hoe":1,"minecraft:stick":8,"minecraft:stone_pickaxe":1,"minecraft:stone_sword":1,"minecraft:chest":8,"minecraft:iron_shovel":1,"minecraft:dark_oak_planks":28,"minecraft:torch":52},"minecraft:picked_up":{"minecraft:birch_log":26,"minecraft:crafting_table":9,"minecraft:azure_bluet":1,"aether:iron_gloves":1,"biomesoplenty:orange_autumn_sapling":11,"biomesoplenty:fir_sapling":314,"biomesoplenty:fir_log":1523,"minecraft:oak_log":193,"gravestone:obituary":1,"minecraft:gunpowder":1,"biomesoplenty:rainbow_birch_sapling":4,"minecraft:cornflower":3,"minecraft:dirt":760,"minecraft:lantern":17,"biomesoplenty:yellow_autumn_sapling":14,"minecraft:iron_shovel":1,"minecraft:bone":6,"farmersdelight:iron_knife":1,"minecraft:apple":4,"minecraft:stone_bricks":1,"minecraft:bow":1,"minecraft:wheat_seeds":15,"biomesoplenty:fir_planks":2,"minecraft:stone_pickaxe":1,"minecraft:poppy":3,"minecraft:iron_pickaxe":1,"minecraft:sugar_cane":15,"biomesoplenty:toadstool":2,"minecraft:scaffolding":39,"minecraft:raw_iron":1,"minecraft:stick":292,"minecraft:torch":104,"minecraft:green_bed":2,"minecraft:dandelion":4,"minecraft:gravel":5,"minecraft:blast_furnace":8,"aether:golden_gloves":2,"minecraft:dark_oak_log":38,"minecraft:dark_oak_planks":1,"minecraft:stone_sword":2,"biomesoplenty:maple_sapling":47,"minecraft:arrow":6,"minecraft:rotten_flesh":6,"minecraft:stone_axe":1,"biomesoplenty:fir_slab":7,"minecraft:pink_tulip":1,"minecraft:saddle":1,"minecraft:bread":46,"alexsmobs:maggot":2,"minecraft:oak_sapling":14,"minecraft:sunflower":1,"minecraft:coal":48,"minecraft:snowball":35,"minecraft:cobblestone":167,"minecraft:oxeye_daisy":2},"minecraft:killed":{"minecraft:creeper":1,"minecraft:skeleton":3,"minecraft:zombie":3},"minecraft:broken":{"minecraft:iron_shovel":1,"minecraft:stone_axe":12},"minecraft:killed_by":{"minecraft:player":1,"minecraft:skeleton":1},"minecraft:mined":{"minecraft:dark_oak_planks":1,"biomesoplenty:orange_autumn_leaves":1,"minecraft:scaffolding":18,"minecraft:dark_oak_log":38,"minecraft:powder_snow":24,"minecraft:crafting_table":8,"minecraft:cornflower":2,"minecraft:torch":1,"gravestone:gravestone":2,"minecraft:blast_furnace":6,"biomesoplenty:bush":2,"biomesoplenty:fir_slab":8,"minecraft:grass_block":231,"minecraft:poppy":2,"biomesoplenty:fir_planks":4,"minecraft:tall_grass":1,"minecraft:cobblestone":7,"biomesoplenty:sprout":2,"minecraft:sugar_cane":6,"minecraft:wall_torch":1,"biomesoplenty:toadstool":2,"minecraft:birch_log":26,"minecraft:iron_ore":1,"biomesoplenty:fir_log":1288,"minecraft:grass":30,"biomesoplenty:rainbow_birch_leaves":2,"minecraft:oak_log":212,"minecraft:coal_ore":34,"minecraft:sunflower":1,"minecraft:gravel":2,"minecraft:dirt":199,"minecraft:pink_tulip":1,"minecraft:stone":41,"minecraft:stone_bricks":1,"sophisticatedbackpacks:copper_backpack":1,"minecraft:oak_leaves":4,"minecraft:fern":5,"minecraft:green_bed":2},"minecraft:custom":{"minecraft:interact_with_furnace":2,"minecraft:mob_kills":8,"minecraft:interact_with_crafting_table":33,"minecraft:damage_dealt_resisted":198,"minecraft:eat_cake_slice":3,"minecraft:leave_game":4,"minecraft:time_since_death":1727,"minecraft:sleep_in_bed":10,"minecraft:climb_one_cm":3814,"minecraft:time_since_rest":1140,"minecraft:sprint_one_cm":693983,"minecraft:damage_taken":4855,"minecraft:walk_one_cm":497841,"minecraft:drop":23,"minecraft:damage_dealt":1344,"minecraft:damage_dealt_absorbed":73,"minecraft:swim_one_cm":38163,"minecraft:fly_one_cm":817479,"minecraft:play_time":192225,"minecraft:open_chest":102,"minecraft:crouch_one_cm":63226,"minecraft:deaths":4,"minecraft:sneak_time":14256,"minecraft:walk_under_water_one_cm":8134,"minecraft:jump":3713,"minecraft:interact_with_blast_furnace":4,"minecraft:walk_on_water_one_cm":32575,"minecraft:total_world_time":192225,"minecraft:fall_one_cm":92520}},"DataVersion":3465}