{"stats":{"minecraft:mined":{"minecraft:dark_oak_planks":18,"minecraft:red_nether_brick_slab":12,"minecraft:spruce_planks":1,"minecraft:mossy_stone_brick_slab":3,"minecraft:red_nether_bricks":57,"minecraft:spruce_trapdoor":3,"minecraft:granite":4,"biomesoplenty:fir_slab":8,"minecraft:grass_block":350,"minecraft:coal_block":2,"minecraft:oxeye_daisy":1,"minecraft:spawner":2,"biomesoplenty:stripped_fir_log":4,"minecraft:magma_block":31,"minecraft:red_nether_brick_stairs":3,"minecraft:iron_ore":12,"minecraft:fire":1,"minecraft:pink_tulip":1,"minecraft:white_banner":1,"minecraft:player_head":2,"sophisticatedbackpacks:copper_backpack":1,"minecraft:spruce_slab":2,"farmersdelight:wild_potatoes":4,"minecraft:green_bed":2,"minecraft:deepslate_redstone_ore":1,"minecraft:blackstone":19,"minecraft:smoker":1,"minecraft:powder_snow":24,"minecraft:torch":9,"minecraft:blast_furnace":7,"minecraft:calcite":59,"minecraft:poppy":2,"minecraft:cobblestone":44,"minecraft:sugar_cane":6,"minecraft:oak_planks":119,"minecraft:wall_torch":11,"minecraft:cyan_wool":1,"minecraft:birch_log":26,"minecraft:wheat":115,"minecraft:tnt":3,"biomesoplenty:fir_log":1466,"minecraft:stone_brick_stairs":1,"minecraft:grass":62,"biomesoplenty:dead_log":32,"minecraft:oak_log":217,"minecraft:dirt":258,"minecraft:oak_leaves":4,"minecraft:cyan_candle":1,"minecraft:deepslate":16,"biomesoplenty:orange_autumn_leaves":1,"alexscaves:spelunkery_table":2,"minecraft:yellow_wall_banner":1,"minecraft:mossy_cobblestone":11,"minecraft:dark_oak_log":38,"minecraft:mangrove_wall_sign":2,"gravestone:gravestone":18,"biomesoplenty:bush":3,"minecraft:spruce_fence":1,"minecraft:hay_block":13,"biomesoplenty:toadstool":2,"minecraft:stripped_spruce_log":8,"minecraft:peony":1,"minecraft:gold_block":1,"minecraft:polished_deepslate":2,"minecraft:mossy_stone_brick_stairs":1,"minecraft:bookshelf":7,"biomesoplenty:high_grass":8,"biomesoplenty:rainbow_birch_leaves":2,"minecraft:deepslate_iron_ore":9,"minecraft:smooth_quartz_stairs":28,"minecraft:stone":118,"minecraft:cake":1,"minecraft:scaffolding":49,"minecraft:basalt":25,"minecraft:stone_brick_slab":47,"minecraft:crafting_table":13,"minecraft:cornflower":2,"biomesoplenty:fir_planks":4,"biomesoplenty:high_grass_plant":12,"minecraft:tall_grass":1,"biomesoplenty:sprout":2,"minecraft:diorite":23,"minecraft:spruce_stairs":1,"minecraft:black_stained_glass":3,"biomesoplenty:pink_daffodil":56,"minecraft:mangrove_slab":1,"minecraft:coal_ore":124,"minecraft:gravel":2,"minecraft:sunflower":1,"minecraft:cyan_carpet":4,"minecraft:cobweb":5,"minecraft:cracked_stone_bricks":4,"minecraft:stone_bricks":13,"minecraft:fern":5},"minecraft:killed":{"minecraft:spider":3,"minecraft:skeleton":23,"minecraft:pig":2,"minecraft:creeper":3,"minecraft:sheep":8,"minecraft:zombie":22,"alexsmobs:fly":3,"minecraft:cow":2,"alexsmobs:raccoon":1,"minecraft:husk":7,"minecraft:enderman":2},"minecraft:broken":{"minecraft:iron_shovel":2,"minecraft:stone_pickaxe":1,"minecraft:stone_axe":13,"minecraft:stone_sword":1,"minecraft:iron_axe":1,"minecraft:leather_boots":1,"minecraft:iron_pickaxe":2},"minecraft:used":{"minecraft:iron_shovel":576,"minecraft:ladder":2,"minecraft:shield":14,"minecraft:chest":8,"minecraft:iron_sword":72,"minecraft:player_head":1,"minecraft:rotten_flesh":10,"minecraft:cyan_wool":1,"minecraft:snowball":17,"minecraft:lava_bucket":1,"biomesoplenty:fir_sapling":6,"minecraft:scaffolding":16,"minecraft:stone_pickaxe":132,"minecraft:blackstone":2,"minecraft:wooden_pickaxe":6,"minecraft:sugar_cane":13,"bakery:street_sign":1,"minecraft:blast_furnace":1,"minecraft:bread":124,"minecraft:cyan_carpet":3,"minecraft:gravel":1,"minecraft:bone_meal":40,"minecraft:stone_sword":203,"minecraft:flint_and_steel":1,"minecraft:stone_hoe":71,"minecraft:torch":35,"minecraft:dirt":939,"minecraft:spruce_stairs":2,"minecraft:granite":1,"minecraft:stone_brick_slab":208,"minecraft:dark_oak_planks":6,"alexsmobs:maggot":4,"minecraft:iron_axe":320,"minecraft:iron_boots":1,"alexscaves:spelunkery_table":2,"minecraft:cooked_beef":12,"minecraft:cobbled_deepslate":2,"minecraft:iron_leggings":2,"minecraft:calcite":10,"minecraft:wheat_seeds":186,"minecraft:cooked_mutton":1,"farmersdelight:iron_knife":8,"minecraft:water_bucket":36,"minecraft:stonecutter":1,"minecraft:green_bed":2,"farmersdelight:onion":1,"minecraft:crafting_table":13,"minecraft:mangrove_sign":2,"minecraft:smoker":4,"minecraft:cake":1,"minecraft:spruce_log":8,"minecraft:oak_log":43,"minecraft:apple":24,"minecraft:iron_pickaxe":604,"biomesoplenty:toadstool":1,"minecraft:stone_axe":1830,"minecraft:cobblestone":118,"minecraft:cooked_porkchop":8,"minecraft:bucket":38,"biomesoplenty:fir_log":509},"minecraft:dropped":{"biomesoplenty:pink_daffodil":2,"mca:bouquet":1,"minecraft:dirt":301,"minecraft:snowball":1,"gravestone:obituary":12,"minecraft:wooden_sword":1,"minecraft:sunflower":1,"minecraft:gravel":4,"minecraft:stone_axe":1,"minecraft:sugar_cane":2,"minecraft:wheat":1,"minecraft:carrot":1,"minecraft:scaffolding":51,"minecraft:iron_ingot":10,"minecraft:bread":33,"minecraft:cobblestone":56,"minecraft:coal":64,"minecraft:stick":2,"mca:wedding_ring":3,"minecraft:torch":52,"minecraft:string":2,"minecraft:pink_tulip":2,"minecraft:player_head":1,"minecraft:stone_sword":1,"minecraft:raw_iron":11,"sophisticatedbackpacks:backpack":1,"modernlife:oak_log_ramp":2,"minecraft:blast_furnace":2,"minecraft:stone":119,"minecraft:shield":1,"minecraft:spruce_trapdoor":2,"minecraft:spruce_planks":2,"minecraft:stone_bricks":3},"minecraft:killed_by":{"minecraft:creeper":1,"minecraft:zombie":1,"minecraft:husk":3,"minecraft:player":2,"minecraft:skeleton":9},"minecraft:custom":{"minecraft:interact_with_crafting_table":70,"minecraft:open_barrel":23,"minecraft:eat_cake_slice":10,"minecraft:leave_game":10,"minecraft:time_since_death":51423,"minecraft:sprint_one_cm":1538799,"minecraft:damage_blocked_by_shield":860,"minecraft:drop":65,"minecraft:play_time":564561,"minecraft:deaths":18,"minecraft:jump":7955,"minecraft:walk_on_water_one_cm":97505,"minecraft:interact_with_furnace":40,"minecraft:interact_with_loom":4,"minecraft:sleep_in_bed":19,"minecraft:damage_dealt":13289,"minecraft:player_kills":2,"minecraft:crouch_one_cm":214378,"minecraft:interact_with_smoker":30,"minecraft:mob_kills":80,"minecraft:damage_dealt_resisted":198,"minecraft:climb_one_cm":32566,"minecraft:walk_one_cm":1315254,"minecraft:damage_dealt_absorbed":114,"minecraft:sneak_time":50621,"minecraft:walk_under_water_one_cm":21728,"minecraft:interact_with_blast_furnace":19,"minecraft:total_world_time":564561,"minecraft:interact_with_stonecutter":6,"minecraft:time_since_rest":34308,"minecraft:damage_taken":12460,"minecraft:swim_one_cm":130147,"minecraft:fly_one_cm":1621254,"minecraft:open_chest":312,"minecraft:fall_one_cm":185465},"minecraft:picked_up":{"minecraft:wheat":115,"aether:iron_gloves":2,"biomesoplenty:orange_autumn_sapling":11,"minecraft:stone_brick_stairs":1,"biomesoplenty:rainbow_birch_sapling":4,"minecraft:polished_deepslate":2,"minecraft:string":10,"biomesoplenty:yellow_autumn_sapling":14,"minecraft:red_nether_bricks":55,"minecraft:iron_leggings":1,"biomesoplenty:dead_sapling":2,"minecraft:cobbled_deepslate":19,"biomesoplenty:fir_planks":3,"minecraft:spruce_planks":2,"minecraft:calcite":58,"minecraft:iron_pickaxe":1,"minecraft:coal_block":2,"minecraft:smooth_quartz_stairs":28,"minecraft:iron_boots":1,"mca:wedding_ring":2,"minecraft:stick":317,"minecraft:torch":125,"minecraft:green_bed":2,"minecraft:spruce_stairs":2,"modernlife:oak_log_ramp":2,"minecraft:porkchop":2,"minecraft:diorite":22,"aether:golden_gloves":3,"minecraft:yellow_banner":1,"minecraft:stone_sword":2,"minecraft:rotten_flesh":36,"biomesoplenty:fir_slab":7,"minecraft:snowball":35,"minecraft:cobblestone":260,"minecraft:birch_log":26,"minecraft:magma_block":7,"bakery:street_sign":1,"minecraft:andesite":1,"minecraft:smoker":1,"minecraft:potato":4,"biomesoplenty:dead_log":32,"biomesoplenty:fir_sapling":352,"biomesoplenty:fir_log":1700,"minecraft:mangrove_slab":1,"minecraft:dirt":941,"minecraft:lantern":17,"minecraft:leather_boots":1,"minecraft:bone":39,"farmersdelight:iron_knife":1,"minecraft:bow":2,"minecraft:wheat_seeds":345,"minecraft:cyan_candle":3,"minecraft:oak_planks":117,"minecraft:mossy_stone_brick_stairs":1,"biomesoplenty:toadstool":3,"minecraft:stripped_spruce_log":8,"minecraft:ink_sac":2,"minecraft:dark_oak_log":38,"minecraft:mossy_cobblestone":11,"minecraft:granite":4,"minecraft:bone_meal":6,"minecraft:spruce_sign":2,"minecraft:bread":48,"alexsmobs:maggot":4,"biomesoplenty:pink_daffodil":59,"minecraft:oak_sapling":14,"mca:bouquet":2,"minecraft:crafting_table":12,"minecraft:azure_bluet":1,"minecraft:ladder":2,"minecraft:gold_block":1,"gravestone:obituary":2,"minecraft:shield":1,"minecraft:cornflower":3,"minecraft:iron_shovel":1,"minecraft:cyan_carpet":5,"minecraft:blackstone":13,"minecraft:cracked_stone_bricks":4,"minecraft:beef":4,"minecraft:cyan_wool":1,"minecraft:player_head":2,"minecraft:poppy":3,"minecraft:spruce_slab":1,"minecraft:light_gray_wool":1,"minecraft:sugar_cane":15,"minecraft:spruce_trapdoor":3,"minecraft:egg":1,"minecraft:raw_iron":21,"minecraft:spruce_fence":1,"sophisticatedbackpacks:backpack":1,"minecraft:mangrove_sign":2,"minecraft:carrot":1,"minecraft:redstone":5,"minecraft:dark_oak_planks":18,"minecraft:tnt":3,"minecraft:arrow":57,"modernlife:guitar":1,"minecraft:peony":1,"minecraft:hay_block":11,"alexscaves:spelunkery_table":2,"minecraft:pink_tulip":1,"minecraft:saddle":1,"sophisticatedbackpacks:copper_backpack":1,"biomesoplenty:fir_wood":1,"minecraft:mutton":15,"minecraft:white_wool":6,"minecraft:oxeye_daisy":3,"minecraft:basalt":6,"minecraft:oak_log":198,"minecraft:gunpowder":6,"minecraft:white_banner":1,"minecraft:red_nether_brick_stairs":3,"biomesoplenty:stripped_fir_log":4,"minecraft:gray_carpet":1,"minecraft:apple":4,"minecraft:stone_bricks":17,"minecraft:iron_ingot":1,"minecraft:stone_pickaxe":1,"minecraft:book":24,"minecraft:scaffolding":89,"minecraft:stone_brick_slab":53,"minecraft:dandelion":5,"minecraft:gravel":5,"minecraft:blast_furnace":9,"minecraft:mossy_stone_brick_slab":3,"minecraft:spider_eye":3,"biomesoplenty:maple_sapling":47,"minecraft:stone_axe":1,"minecraft:red_nether_brick_slab":12,"minecraft:coal":148,"minecraft:ender_pearl":2,"minecraft:sunflower":1},"minecraft:crafted":{"minecraft:oak_planks":4,"minecraft:stone":232,"sophisticatedbackpacks:crafting_upgrade":1,"minecraft:cooked_mutton":11,"minecraft:chest":9,"minecraft:stone_hoe":1,"minecraft:smoker":3,"minecraft:cooked_porkchop":12,"minecraft:crafting_table":2,"minecraft:wooden_pickaxe":1,"minecraft:birch_planks":56,"sophisticatedbackpacks:upgrade_base":1,"biomesoplenty:fir_planks":4,"minecraft:wooden_hoe":1,"minecraft:shield":2,"minecraft:stick":8,"minecraft:iron_ingot":54,"minecraft:iron_pickaxe":1,"minecraft:stone_sword":2,"minecraft:gold_ingot":9,"minecraft:wooden_sword":1,"minecraft:furnace":3,"minecraft:bone_meal":36,"minecraft:iron_axe":2,"minecraft:stone_pickaxe":1,"minecraft:dark_oak_planks":28,"minecraft:wheat":99,"minecraft:cooked_beef":12,"minecraft:iron_sword":1,"minecraft:bucket":1,"minecraft:stone_axe":15,"minecraft:bread":92,"minecraft:air":0,"minecraft:iron_shovel":2,"minecraft:stonecutter":1,"minecraft:torch":52,"mca:wedding_ring":4}},"DataVersion":3465}