{"stats":{"minecraft:crafted":{"minecraft:wooden_sword":1,"minecraft:oak_planks":4,"minecraft:crafting_table":1,"minecraft:stick":8,"minecraft:wooden_pickaxe":1,"minecraft:stone_pickaxe":1,"minecraft:stone_sword":1,"minecraft:dark_oak_planks":28,"minecraft:stone_axe":1,"minecraft:bread":34},"minecraft:dropped":{"minecraft:gravel":4,"minecraft:sugar_cane":2,"minecraft:blast_furnace":2},"minecraft:mined":{"minecraft:dark_oak_planks":1,"minecraft:scaffolding":17,"minecraft:iron_ore":1,"minecraft:dark_oak_log":7,"minecraft:powder_snow":24,"minecraft:crafting_table":4,"minecraft:blast_furnace":6,"minecraft:grass_block":2,"minecraft:oak_log":1,"minecraft:sunflower":1,"minecraft:gravel":2,"minecraft:pink_tulip":1,"minecraft:cobblestone":7,"minecraft:stone":6,"minecraft:oak_leaves":2,"minecraft:green_bed":1},"minecraft:picked_up":{"minecraft:scaffolding":17,"minecraft:crafting_table":4,"minecraft:raw_iron":1,"minecraft:green_bed":1,"biomesoplenty:orange_autumn_sapling":6,"minecraft:gravel":5,"minecraft:oak_log":1,"minecraft:blast_furnace":8,"minecraft:lantern":17,"minecraft:dark_oak_log":7,"minecraft:dirt":1,"minecraft:dark_oak_planks":1,"minecraft:rotten_flesh":3,"minecraft:pink_tulip":1,"minecraft:bread":4,"minecraft:sugar_cane":2,"minecraft:cobblestone":13,"minecraft:sunflower":1},"minecraft:used":{"minecraft:dark_oak_planks":6,"minecraft:bread":9,"minecraft:stone_pickaxe":16,"minecraft:wooden_pickaxe":6,"minecraft:gravel":1,"minecraft:rotten_flesh":3,"minecraft:stone_axe":6,"minecraft:dirt":1,"minecraft:crafting_table":4},"minecraft:custom":{"minecraft:time_since_rest":7155,"minecraft:sprint_one_cm":148912,"minecraft:damage_taken":183,"minecraft:walk_one_cm":86302,"minecraft:drop":5,"minecraft:damage_dealt":27,"minecraft:interact_with_crafting_table":5,"minecraft:fly_one_cm":162352,"minecraft:open_chest":31,"minecraft:crouch_one_cm":1250,"minecraft:play_time":31146,"minecraft:sneak_time":636,"minecraft:walk_under_water_one_cm":110,"minecraft:jump":650,"minecraft:interact_with_blast_furnace":1,"minecraft:leave_game":1,"minecraft:walk_on_water_one_cm":354,"minecraft:time_since_death":31146,"minecraft:sleep_in_bed":1,"minecraft:climb_one_cm":1215,"minecraft:total_world_time":31146,"minecraft:fall_one_cm":12023}},"DataVersion":3465}