{"stats":{"minecraft:dropped":{"minecraft:iron_ingot":10,"biomesoplenty:pink_daffodil":2,"mca:bouquet":1,"minecraft:cobblestone":55,"minecraft:coal":64,"minecraft:stick":2,"minecraft:dirt":301,"minecraft:torch":52,"minecraft:snowball":1,"gravestone:obituary":8,"minecraft:wooden_sword":1,"minecraft:sunflower":1,"minecraft:string":2,"minecraft:pink_tulip":2,"minecraft:gravel":4,"minecraft:stone_axe":1,"minecraft:sugar_cane":2,"minecraft:stone_sword":1,"minecraft:wheat":1,"minecraft:raw_iron":11,"modernlife:oak_log_ramp":2,"minecraft:carrot":1,"minecraft:blast_furnace":2,"minecraft:stone":64,"minecraft:spruce_trapdoor":2,"minecraft:spruce_planks":2,"minecraft:stone_bricks":3,"minecraft:scaffolding":51},"minecraft:used":{"minecraft:stone_sword":203,"minecraft:iron_shovel":561,"minecraft:ladder":2,"minecraft:chest":8,"minecraft:rotten_flesh":10,"minecraft:stone_hoe":49,"minecraft:torch":24,"minecraft:dirt":933,"minecraft:spruce_stairs":2,"minecraft:cyan_wool":1,"minecraft:granite":1,"minecraft:snowball":17,"minecraft:dark_oak_planks":6,"minecraft:stone_brick_slab":207,"alexsmobs:maggot":3,"minecraft:iron_axe":253,"biomesoplenty:fir_sapling":6,"minecraft:scaffolding":16,"minecraft:cooked_beef":12,"minecraft:calcite":10,"minecraft:cobbled_deepslate":2,"minecraft:iron_leggings":1,"minecraft:cooked_mutton":1,"minecraft:wheat_seeds":56,"farmersdelight:iron_knife":8,"minecraft:water_bucket":7,"minecraft:stone_pickaxe":132,"minecraft:blackstone":2,"minecraft:wooden_pickaxe":6,"minecraft:sugar_cane":13,"minecraft:green_bed":2,"minecraft:stonecutter":1,"farmersdelight:onion":1,"bakery:street_sign":1,"minecraft:crafting_table":13,"minecraft:blast_furnace":1,"minecraft:spruce_log":8,"minecraft:mangrove_sign":2,"minecraft:cake":1,"minecraft:smoker":3,"minecraft:oak_log":43,"minecraft:apple":24,"minecraft:bread":90,"minecraft:iron_pickaxe":419,"minecraft:cyan_carpet":3,"minecraft:gravel":1,"biomesoplenty:toadstool":1,"minecraft:stone_axe":1830,"minecraft:cobblestone":118,"minecraft:cooked_porkchop":7,"minecraft:bucket":8,"biomesoplenty:fir_log":304,"minecraft:bone_meal":40},"minecraft:crafted":{"minecraft:wooden_sword":1,"minecraft:oak_planks":4,"minecraft:furnace":3,"minecraft:stone":177,"minecraft:bone_meal":36,"minecraft:cooked_mutton":1,"minecraft:iron_axe":1,"minecraft:stone_pickaxe":1,"minecraft:chest":8,"minecraft:dark_oak_planks":28,"minecraft:stone_hoe":1,"minecraft:smoker":3,"minecraft:wheat":99,"minecraft:cooked_beef":12,"minecraft:cooked_porkchop":5,"minecraft:crafting_table":1,"minecraft:wooden_pickaxe":1,"minecraft:bucket":1,"minecraft:birch_planks":48,"minecraft:stone_axe":15,"minecraft:bread":69,"minecraft:air":0,"minecraft:wooden_hoe":1,"minecraft:stick":8,"minecraft:iron_ingot":47,"minecraft:stone_sword":2,"minecraft:iron_shovel":2,"minecraft:stonecutter":1,"minecraft:torch":52},"minecraft:picked_up":{"minecraft:crafting_table":12,"minecraft:wheat":7,"minecraft:azure_bluet":1,"minecraft:ladder":2,"aether:iron_gloves":2,"biomesoplenty:orange_autumn_sapling":11,"gravestone:obituary":2,"biomesoplenty:rainbow_birch_sapling":4,"minecraft:cornflower":3,"minecraft:polished_deepslate":2,"minecraft:string":5,"biomesoplenty:yellow_autumn_sapling":14,"minecraft:red_nether_bricks":55,"minecraft:iron_leggings":1,"minecraft:iron_shovel":1,"minecraft:blackstone":2,"minecraft:cyan_carpet":5,"minecraft:cobbled_deepslate":19,"biomesoplenty:fir_planks":2,"minecraft:spruce_planks":2,"minecraft:beef":4,"minecraft:player_head":2,"minecraft:cyan_wool":1,"minecraft:calcite":58,"minecraft:light_gray_wool":1,"minecraft:poppy":3,"minecraft:iron_pickaxe":1,"minecraft:spruce_slab":1,"minecraft:coal_block":2,"minecraft:sugar_cane":15,"minecraft:smooth_quartz_stairs":28,"minecraft:spruce_trapdoor":3,"minecraft:stick":317,"minecraft:raw_iron":21,"minecraft:torch":119,"minecraft:green_bed":2,"minecraft:spruce_stairs":2,"minecraft:spruce_fence":1,"modernlife:oak_log_ramp":2,"minecraft:porkchop":2,"minecraft:diorite":21,"minecraft:mangrove_sign":2,"aether:golden_gloves":3,"minecraft:carrot":1,"minecraft:redstone":5,"minecraft:dark_oak_planks":18,"minecraft:yellow_banner":1,"minecraft:stone_sword":2,"minecraft:arrow":48,"minecraft:rotten_flesh":18,"modernlife:guitar":1,"minecraft:peony":1,"minecraft:hay_block":11,"biomesoplenty:fir_slab":7,"minecraft:pink_tulip":1,"minecraft:saddle":1,"sophisticatedbackpacks:copper_backpack":1,"minecraft:mutton":5,"minecraft:snowball":35,"minecraft:cobblestone":233,"minecraft:oxeye_daisy":3,"minecraft:birch_log":26,"minecraft:magma_block":2,"minecraft:andesite":1,"bakery:street_sign":1,"minecraft:smoker":1,"biomesoplenty:fir_sapling":352,"biomesoplenty:fir_log":1681,"minecraft:oak_log":198,"minecraft:gunpowder":2,"minecraft:mangrove_slab":1,"minecraft:dirt":922,"minecraft:lantern":17,"minecraft:white_banner":1,"minecraft:leather_boots":1,"minecraft:bone":31,"biomesoplenty:stripped_fir_log":4,"minecraft:red_nether_brick_stairs":3,"farmersdelight:iron_knife":1,"minecraft:stone_bricks":4,"minecraft:apple":4,"minecraft:gray_carpet":1,"minecraft:bow":1,"minecraft:wheat_seeds":40,"minecraft:stone_pickaxe":1,"minecraft:cyan_candle":3,"minecraft:oak_planks":116,"minecraft:book":24,"biomesoplenty:toadstool":3,"minecraft:scaffolding":89,"minecraft:stone_brick_slab":46,"minecraft:dandelion":5,"minecraft:gravel":5,"minecraft:stripped_spruce_log":8,"minecraft:blast_furnace":9,"minecraft:ink_sac":2,"minecraft:dark_oak_log":38,"minecraft:spider_eye":3,"biomesoplenty:maple_sapling":47,"minecraft:stone_axe":1,"minecraft:granite":4,"minecraft:bone_meal":6,"minecraft:spruce_sign":2,"minecraft:bread":48,"minecraft:red_nether_brick_slab":12,"alexsmobs:maggot":3,"biomesoplenty:pink_daffodil":59,"minecraft:oak_sapling":14,"minecraft:coal":118,"minecraft:sunflower":1,"mca:bouquet":2,"minecraft:ender_pearl":1},"minecraft:killed":{"alexsmobs:raccoon":1,"minecraft:spider":3,"minecraft:skeleton":19,"minecraft:husk":7,"minecraft:pig":2,"minecraft:creeper":1,"minecraft:sheep":2,"minecraft:zombie":8,"minecraft:enderman":1,"minecraft:cow":2},"minecraft:broken":{"minecraft:iron_shovel":2,"minecraft:stone_sword":1,"minecraft:stone_pickaxe":1,"minecraft:iron_axe":1,"minecraft:leather_boots":1,"minecraft:stone_axe":13,"minecraft:iron_pickaxe":1},"minecraft:killed_by":{"minecraft:husk":3,"minecraft:player":1,"minecraft:creeper":1,"minecraft:skeleton":9,"minecraft:zombie":1},"minecraft:mined":{"minecraft:dark_oak_planks":18,"minecraft:red_nether_brick_slab":12,"biomesoplenty:orange_autumn_leaves":1,"minecraft:spruce_planks":1,"minecraft:yellow_wall_banner":1,"minecraft:dark_oak_log":38,"minecraft:red_nether_bricks":57,"minecraft:mangrove_wall_sign":2,"minecraft:spruce_trapdoor":3,"biomesoplenty:bush":3,"gravestone:gravestone":17,"minecraft:granite":4,"biomesoplenty:fir_slab":8,"minecraft:spruce_fence":1,"minecraft:grass_block":341,"minecraft:coal_block":2,"minecraft:oxeye_daisy":1,"minecraft:spawner":2,"biomesoplenty:stripped_fir_log":4,"minecraft:hay_block":13,"minecraft:magma_block":7,"biomesoplenty:toadstool":2,"minecraft:red_nether_brick_stairs":3,"minecraft:iron_ore":12,"minecraft:stripped_spruce_log":8,"minecraft:peony":1,"minecraft:polished_deepslate":2,"minecraft:bookshelf":7,"biomesoplenty:high_grass":8,"biomesoplenty:rainbow_birch_leaves":2,"minecraft:deepslate_iron_ore":9,"minecraft:pink_tulip":1,"minecraft:smooth_quartz_stairs":28,"minecraft:stone":106,"minecraft:white_banner":1,"minecraft:player_head":2,"sophisticatedbackpacks:copper_backpack":1,"minecraft:cake":1,"minecraft:spruce_slab":2,"minecraft:green_bed":2,"minecraft:deepslate_redstone_ore":1,"minecraft:scaffolding":49,"minecraft:blackstone":4,"minecraft:smoker":1,"minecraft:basalt":1,"minecraft:stone_brick_slab":41,"minecraft:powder_snow":24,"minecraft:cornflower":2,"minecraft:crafting_table":12,"minecraft:torch":6,"minecraft:blast_furnace":7,"minecraft:calcite":59,"biomesoplenty:fir_planks":4,"minecraft:poppy":2,"minecraft:tall_grass":1,"biomesoplenty:high_grass_plant":12,"minecraft:cobblestone":12,"biomesoplenty:sprout":2,"minecraft:oak_planks":118,"minecraft:sugar_cane":6,"minecraft:diorite":22,"minecraft:wall_torch":8,"minecraft:spruce_stairs":1,"minecraft:cyan_wool":1,"minecraft:black_stained_glass":3,"minecraft:birch_log":26,"minecraft:wheat":7,"biomesoplenty:pink_daffodil":56,"biomesoplenty:fir_log":1443,"minecraft:grass":60,"minecraft:mangrove_slab":1,"minecraft:coal_ore":94,"minecraft:oak_log":217,"minecraft:cyan_carpet":4,"minecraft:sunflower":1,"minecraft:gravel":2,"minecraft:dirt":248,"minecraft:stone_bricks":1,"minecraft:deepslate":16,"minecraft:oak_leaves":4,"minecraft:cyan_candle":1,"minecraft:fern":5},"minecraft:custom":{"minecraft:mob_kills":47,"minecraft:interact_with_crafting_table":50,"minecraft:open_barrel":22,"minecraft:damage_dealt_resisted":198,"minecraft:eat_cake_slice":6,"minecraft:leave_game":8,"minecraft:time_since_death":5257,"minecraft:climb_one_cm":31491,"minecraft:sprint_one_cm":1276831,"minecraft:walk_one_cm":1112638,"minecraft:drop":51,"minecraft:damage_dealt_absorbed":114,"minecraft:play_time":439016,"minecraft:sneak_time":41482,"minecraft:deaths":17,"minecraft:walk_under_water_one_cm":18303,"minecraft:jump":6483,"minecraft:interact_with_blast_furnace":13,"minecraft:walk_on_water_one_cm":71946,"minecraft:total_world_time":439016,"minecraft:interact_with_furnace":34,"minecraft:interact_with_loom":2,"minecraft:interact_with_stonecutter":6,"minecraft:sleep_in_bed":15,"minecraft:time_since_rest":5200,"minecraft:damage_taken":10811,"minecraft:damage_dealt":9695,"minecraft:swim_one_cm":112775,"minecraft:fly_one_cm":1351533,"minecraft:player_kills":1,"minecraft:open_chest":225,"minecraft:crouch_one_cm":184739,"minecraft:interact_with_smoker":19,"minecraft:fall_one_cm":154097}},"DataVersion":3465}