{"stats":{"minecraft:dropped":{"minecraft:iron_ingot":10,"biomesoplenty:pink_daffodil":2,"mca:bouquet":1,"minecraft:cobblestone":55,"minecraft:coal":64,"minecraft:stick":2,"minecraft:dirt":301,"minecraft:torch":52,"minecraft:snowball":1,"minecraft:wooden_sword":1,"minecraft:sunflower":1,"minecraft:string":2,"minecraft:pink_tulip":2,"minecraft:gravel":4,"minecraft:stone_axe":1,"minecraft:sugar_cane":2,"minecraft:stone_sword":1,"minecraft:wheat":1,"minecraft:raw_iron":11,"modernlife:oak_log_ramp":2,"minecraft:carrot":1,"minecraft:blast_furnace":2,"minecraft:stone":64,"minecraft:spruce_planks":2,"minecraft:stone_bricks":3,"minecraft:scaffolding":51},"minecraft:used":{"minecraft:stone_sword":130,"minecraft:iron_shovel":561,"minecraft:chest":8,"minecraft:rotten_flesh":10,"minecraft:stone_hoe":49,"minecraft:torch":21,"minecraft:dirt":933,"minecraft:spruce_stairs":1,"minecraft:granite":1,"minecraft:snowball":17,"minecraft:stone_brick_slab":207,"minecraft:dark_oak_planks":6,"alexsmobs:maggot":2,"biomesoplenty:fir_sapling":6,"minecraft:iron_axe":253,"minecraft:scaffolding":16,"minecraft:calcite":1,"minecraft:cooked_beef":12,"minecraft:cobbled_deepslate":2,"minecraft:iron_leggings":1,"minecraft:cooked_mutton":1,"minecraft:wheat_seeds":56,"minecraft:water_bucket":7,"minecraft:stone_pickaxe":132,"minecraft:blackstone":2,"minecraft:wooden_pickaxe":6,"minecraft:stonecutter":1,"minecraft:sugar_cane":13,"minecraft:green_bed":2,"farmersdelight:onion":1,"minecraft:crafting_table":13,"bakery:street_sign":1,"minecraft:mangrove_sign":1,"minecraft:cake":1,"minecraft:spruce_log":8,"minecraft:smoker":3,"minecraft:oak_log":43,"minecraft:apple":12,"minecraft:bread":81,"minecraft:cyan_carpet":1,"minecraft:iron_pickaxe":161,"minecraft:gravel":1,"biomesoplenty:toadstool":1,"minecraft:stone_axe":1762,"minecraft:cobblestone":118,"minecraft:cooked_porkchop":7,"minecraft:bucket":8,"biomesoplenty:fir_log":304,"minecraft:bone_meal":40},"minecraft:crafted":{"minecraft:wooden_sword":1,"minecraft:oak_planks":4,"minecraft:furnace":3,"minecraft:stone":177,"minecraft:bone_meal":36,"minecraft:cooked_mutton":1,"minecraft:iron_axe":1,"minecraft:stone_pickaxe":1,"minecraft:chest":8,"minecraft:dark_oak_planks":28,"minecraft:stone_hoe":1,"minecraft:wheat":99,"minecraft:smoker":3,"minecraft:cooked_beef":12,"minecraft:cooked_porkchop":5,"minecraft:crafting_table":1,"minecraft:wooden_pickaxe":1,"minecraft:bucket":1,"minecraft:birch_planks":48,"minecraft:stone_axe":15,"minecraft:bread":69,"minecraft:air":0,"minecraft:wooden_hoe":1,"minecraft:stick":8,"minecraft:iron_ingot":17,"minecraft:stone_sword":2,"minecraft:iron_shovel":2,"minecraft:stonecutter":1,"minecraft:torch":52},"minecraft:picked_up":{"minecraft:crafting_table":12,"minecraft:wheat":7,"minecraft:azure_bluet":1,"aether:iron_gloves":1,"biomesoplenty:orange_autumn_sapling":11,"gravestone:obituary":1,"biomesoplenty:rainbow_birch_sapling":4,"minecraft:cornflower":3,"minecraft:string":5,"biomesoplenty:yellow_autumn_sapling":14,"minecraft:iron_leggings":1,"minecraft:iron_shovel":1,"minecraft:cyan_carpet":3,"minecraft:blackstone":2,"minecraft:cobbled_deepslate":19,"minecraft:spruce_planks":2,"biomesoplenty:fir_planks":2,"minecraft:beef":4,"minecraft:calcite":1,"minecraft:player_head":1,"minecraft:poppy":3,"minecraft:iron_pickaxe":1,"minecraft:sugar_cane":15,"minecraft:spruce_trapdoor":1,"minecraft:stick":317,"minecraft:raw_iron":14,"minecraft:spruce_stairs":2,"minecraft:torch":116,"minecraft:green_bed":2,"minecraft:spruce_fence":1,"modernlife:oak_log_ramp":2,"minecraft:porkchop":2,"minecraft:mangrove_sign":2,"minecraft:diorite":15,"aether:golden_gloves":3,"minecraft:carrot":1,"minecraft:redstone":5,"minecraft:dark_oak_planks":1,"minecraft:stone_sword":2,"minecraft:arrow":41,"minecraft:rotten_flesh":11,"modernlife:guitar":1,"minecraft:peony":1,"minecraft:hay_block":11,"biomesoplenty:fir_slab":7,"minecraft:pink_tulip":1,"minecraft:saddle":1,"sophisticatedbackpacks:copper_backpack":1,"minecraft:mutton":1,"minecraft:snowball":35,"minecraft:cobblestone":222,"minecraft:oxeye_daisy":3,"minecraft:birch_log":26,"minecraft:magma_block":2,"minecraft:andesite":1,"bakery:street_sign":1,"minecraft:smoker":1,"biomesoplenty:fir_sapling":352,"biomesoplenty:fir_log":1681,"minecraft:oak_log":198,"minecraft:gunpowder":2,"minecraft:dirt":922,"minecraft:lantern":17,"minecraft:leather_boots":1,"minecraft:bone":13,"biomesoplenty:stripped_fir_log":4,"farmersdelight:iron_knife":1,"minecraft:apple":4,"minecraft:stone_bricks":4,"minecraft:bow":1,"minecraft:wheat_seeds":40,"minecraft:stone_pickaxe":1,"minecraft:oak_planks":116,"biomesoplenty:toadstool":2,"minecraft:scaffolding":89,"minecraft:stone_brick_slab":46,"minecraft:dandelion":5,"minecraft:gravel":5,"minecraft:stripped_spruce_log":8,"minecraft:ink_sac":2,"minecraft:blast_furnace":9,"minecraft:dark_oak_log":38,"minecraft:spider_eye":3,"biomesoplenty:maple_sapling":47,"minecraft:stone_axe":1,"minecraft:granite":4,"minecraft:bone_meal":6,"minecraft:bread":48,"alexsmobs:maggot":2,"biomesoplenty:pink_daffodil":59,"minecraft:oak_sapling":14,"minecraft:coal":88,"minecraft:ender_pearl":1,"mca:bouquet":2,"minecraft:sunflower":1},"minecraft:killed":{"alexsmobs:raccoon":1,"minecraft:spider":3,"minecraft:skeleton":8,"minecraft:pig":1,"minecraft:creeper":1,"minecraft:zombie":8,"minecraft:enderman":1,"minecraft:cow":2},"minecraft:broken":{"minecraft:iron_shovel":2,"minecraft:stone_pickaxe":1,"minecraft:iron_axe":1,"minecraft:leather_boots":1,"minecraft:stone_axe":12},"minecraft:killed_by":{"minecraft:player":1,"minecraft:creeper":1,"minecraft:skeleton":2},"minecraft:mined":{"minecraft:dark_oak_planks":1,"biomesoplenty:orange_autumn_leaves":1,"minecraft:spruce_planks":1,"minecraft:dark_oak_log":38,"minecraft:mangrove_wall_sign":2,"minecraft:spruce_trapdoor":1,"gravestone:gravestone":6,"minecraft:granite":4,"biomesoplenty:bush":3,"biomesoplenty:fir_slab":8,"minecraft:spruce_fence":1,"minecraft:grass_block":341,"minecraft:oxeye_daisy":1,"minecraft:hay_block":13,"biomesoplenty:stripped_fir_log":4,"minecraft:magma_block":7,"biomesoplenty:toadstool":2,"minecraft:iron_ore":5,"minecraft:stripped_spruce_log":8,"minecraft:peony":1,"biomesoplenty:high_grass":8,"biomesoplenty:rainbow_birch_leaves":2,"minecraft:deepslate_iron_ore":9,"minecraft:pink_tulip":1,"minecraft:stone":96,"minecraft:player_head":1,"minecraft:cake":1,"sophisticatedbackpacks:copper_backpack":1,"minecraft:green_bed":2,"minecraft:deepslate_redstone_ore":1,"minecraft:scaffolding":49,"minecraft:blackstone":4,"minecraft:smoker":1,"minecraft:basalt":1,"minecraft:stone_brick_slab":41,"minecraft:powder_snow":24,"minecraft:crafting_table":12,"minecraft:cornflower":2,"minecraft:torch":4,"minecraft:blast_furnace":7,"minecraft:calcite":1,"biomesoplenty:fir_planks":4,"minecraft:poppy":2,"minecraft:tall_grass":1,"biomesoplenty:high_grass_plant":12,"minecraft:cobblestone":11,"biomesoplenty:sprout":2,"minecraft:oak_planks":118,"minecraft:sugar_cane":6,"minecraft:diorite":15,"minecraft:wall_torch":8,"minecraft:spruce_stairs":1,"minecraft:black_stained_glass":3,"minecraft:birch_log":26,"minecraft:wheat":7,"biomesoplenty:pink_daffodil":56,"biomesoplenty:fir_log":1443,"minecraft:grass":60,"minecraft:oak_log":217,"minecraft:coal_ore":64,"minecraft:cyan_carpet":4,"minecraft:sunflower":1,"minecraft:gravel":2,"minecraft:dirt":248,"minecraft:stone_bricks":1,"minecraft:oak_leaves":4,"minecraft:deepslate":16,"minecraft:fern":5},"minecraft:custom":{"minecraft:mob_kills":26,"minecraft:interact_with_crafting_table":49,"minecraft:open_barrel":16,"minecraft:damage_dealt_resisted":198,"minecraft:eat_cake_slice":4,"minecraft:leave_game":7,"minecraft:time_since_death":14016,"minecraft:climb_one_cm":19427,"minecraft:sprint_one_cm":1157375,"minecraft:walk_one_cm":914649,"minecraft:drop":42,"minecraft:damage_dealt_absorbed":114,"minecraft:play_time":387884,"minecraft:sneak_time":40427,"minecraft:deaths":6,"minecraft:walk_under_water_one_cm":17926,"minecraft:jump":5805,"minecraft:interact_with_blast_furnace":7,"minecraft:walk_on_water_one_cm":66569,"minecraft:total_world_time":387884,"minecraft:interact_with_furnace":34,"minecraft:interact_with_stonecutter":6,"minecraft:sleep_in_bed":14,"minecraft:time_since_rest":14071,"minecraft:damage_taken":7398,"minecraft:damage_dealt":4441,"minecraft:swim_one_cm":102962,"minecraft:fly_one_cm":1220772,"minecraft:open_chest":222,"minecraft:crouch_one_cm":180318,"minecraft:interact_with_smoker":19,"minecraft:fall_one_cm":140602}},"DataVersion":3465}