{"stats":{"minecraft:dropped":{"minecraft:iron_ingot":4,"biomesoplenty:pink_daffodil":2,"mca:bouquet":1,"minecraft:cobblestone":55,"minecraft:coal":64,"minecraft:dirt":301,"minecraft:torch":52,"minecraft:snowball":1,"minecraft:wooden_sword":1,"minecraft:sunflower":1,"minecraft:string":2,"minecraft:pink_tulip":2,"minecraft:gravel":4,"minecraft:sugar_cane":2,"minecraft:stone_sword":1,"minecraft:wheat":1,"minecraft:raw_iron":11,"modernlife:oak_log_ramp":2,"minecraft:carrot":1,"minecraft:blast_furnace":2,"minecraft:scaffolding":51},"minecraft:used":{"minecraft:stone_sword":85,"minecraft:iron_shovel":554,"minecraft:chest":8,"minecraft:rotten_flesh":10,"minecraft:stone_hoe":49,"minecraft:torch":6,"minecraft:dirt":921,"minecraft:granite":1,"minecraft:snowball":17,"minecraft:stone_brick_slab":162,"minecraft:dark_oak_planks":6,"alexsmobs:maggot":2,"biomesoplenty:fir_sapling":6,"minecraft:iron_axe":253,"minecraft:scaffolding":16,"minecraft:cooked_beef":9,"minecraft:cobbled_deepslate":2,"minecraft:wheat_seeds":56,"minecraft:water_bucket":1,"minecraft:stone_pickaxe":132,"minecraft:wooden_pickaxe":6,"minecraft:stonecutter":1,"minecraft:sugar_cane":13,"minecraft:green_bed":2,"farmersdelight:onion":1,"minecraft:crafting_table":8,"bakery:street_sign":1,"minecraft:spruce_log":8,"minecraft:smoker":2,"minecraft:oak_log":43,"minecraft:apple":8,"minecraft:bread":81,"minecraft:iron_pickaxe":74,"minecraft:gravel":1,"biomesoplenty:toadstool":1,"minecraft:stone_axe":1729,"minecraft:cobblestone":106,"minecraft:cooked_porkchop":5,"minecraft:bucket":1,"biomesoplenty:fir_log":293,"minecraft:bone_meal":40},"minecraft:crafted":{"minecraft:wooden_sword":1,"minecraft:oak_planks":4,"minecraft:furnace":2,"minecraft:stone":143,"minecraft:bone_meal":36,"minecraft:iron_axe":1,"minecraft:stone_pickaxe":1,"minecraft:chest":8,"minecraft:dark_oak_planks":28,"minecraft:stone_hoe":1,"minecraft:smoker":2,"minecraft:cooked_beef":12,"minecraft:cooked_porkchop":3,"minecraft:crafting_table":1,"minecraft:wooden_pickaxe":1,"minecraft:bucket":1,"minecraft:birch_planks":48,"minecraft:stone_axe":15,"minecraft:bread":36,"minecraft:air":0,"minecraft:wooden_hoe":1,"minecraft:stick":8,"minecraft:iron_ingot":17,"minecraft:stone_sword":1,"minecraft:iron_shovel":2,"minecraft:stonecutter":1,"minecraft:torch":52},"minecraft:picked_up":{"minecraft:crafting_table":9,"minecraft:wheat":7,"minecraft:azure_bluet":1,"aether:iron_gloves":1,"biomesoplenty:orange_autumn_sapling":11,"gravestone:obituary":1,"biomesoplenty:rainbow_birch_sapling":4,"minecraft:cornflower":3,"minecraft:string":4,"biomesoplenty:yellow_autumn_sapling":14,"minecraft:iron_shovel":1,"minecraft:cobbled_deepslate":19,"biomesoplenty:fir_planks":2,"minecraft:beef":4,"minecraft:poppy":3,"minecraft:iron_pickaxe":1,"minecraft:sugar_cane":15,"minecraft:stick":317,"minecraft:raw_iron":10,"minecraft:torch":108,"minecraft:green_bed":2,"modernlife:oak_log_ramp":2,"minecraft:diorite":15,"aether:golden_gloves":3,"minecraft:carrot":1,"minecraft:redstone":5,"minecraft:dark_oak_planks":1,"minecraft:arrow":7,"minecraft:stone_sword":2,"minecraft:rotten_flesh":11,"modernlife:guitar":1,"biomesoplenty:fir_slab":7,"minecraft:pink_tulip":1,"minecraft:saddle":1,"sophisticatedbackpacks:copper_backpack":1,"minecraft:cobblestone":202,"minecraft:snowball":35,"minecraft:oxeye_daisy":3,"minecraft:birch_log":26,"minecraft:andesite":1,"bakery:street_sign":1,"biomesoplenty:fir_sapling":352,"biomesoplenty:fir_log":1678,"minecraft:oak_log":198,"minecraft:gunpowder":2,"minecraft:dirt":907,"minecraft:lantern":17,"minecraft:leather_boots":1,"minecraft:bone":8,"farmersdelight:iron_knife":1,"minecraft:apple":4,"minecraft:stone_bricks":1,"minecraft:bow":1,"minecraft:wheat_seeds":38,"minecraft:stone_pickaxe":1,"minecraft:oak_planks":116,"biomesoplenty:toadstool":2,"minecraft:scaffolding":89,"minecraft:stone_brick_slab":40,"minecraft:dandelion":5,"minecraft:gravel":5,"minecraft:stripped_spruce_log":8,"minecraft:blast_furnace":8,"minecraft:dark_oak_log":38,"minecraft:spider_eye":1,"biomesoplenty:maple_sapling":47,"minecraft:stone_axe":1,"minecraft:granite":1,"minecraft:bone_meal":6,"minecraft:bread":48,"alexsmobs:maggot":2,"biomesoplenty:pink_daffodil":59,"minecraft:oak_sapling":14,"minecraft:coal":62,"minecraft:ender_pearl":1,"mca:bouquet":2,"minecraft:sunflower":1},"minecraft:killed":{"alexsmobs:raccoon":1,"minecraft:spider":1,"minecraft:skeleton":4,"minecraft:creeper":1,"minecraft:zombie":8,"minecraft:enderman":1,"minecraft:cow":2},"minecraft:broken":{"minecraft:iron_shovel":2,"minecraft:stone_pickaxe":1,"minecraft:iron_axe":1,"minecraft:stone_axe":12},"minecraft:killed_by":{"minecraft:player":1,"minecraft:creeper":1,"minecraft:skeleton":1},"minecraft:mined":{"minecraft:dark_oak_planks":1,"biomesoplenty:orange_autumn_leaves":1,"minecraft:dark_oak_log":38,"gravestone:gravestone":5,"minecraft:granite":1,"biomesoplenty:bush":3,"biomesoplenty:fir_slab":8,"minecraft:grass_block":332,"minecraft:oxeye_daisy":1,"biomesoplenty:toadstool":2,"minecraft:iron_ore":1,"minecraft:stripped_spruce_log":8,"biomesoplenty:high_grass":8,"biomesoplenty:rainbow_birch_leaves":2,"minecraft:deepslate_iron_ore":9,"minecraft:pink_tulip":1,"minecraft:stone":76,"sophisticatedbackpacks:copper_backpack":1,"minecraft:green_bed":2,"minecraft:deepslate_redstone_ore":1,"minecraft:scaffolding":49,"minecraft:stone_brick_slab":35,"minecraft:powder_snow":24,"minecraft:crafting_table":8,"minecraft:cornflower":2,"minecraft:torch":2,"minecraft:blast_furnace":6,"biomesoplenty:fir_planks":4,"minecraft:poppy":2,"biomesoplenty:high_grass_plant":12,"minecraft:tall_grass":1,"minecraft:cobblestone":7,"biomesoplenty:sprout":2,"minecraft:sugar_cane":6,"minecraft:oak_planks":118,"minecraft:diorite":15,"minecraft:wall_torch":2,"minecraft:birch_log":26,"minecraft:wheat":7,"biomesoplenty:pink_daffodil":56,"biomesoplenty:fir_log":1440,"minecraft:grass":55,"minecraft:oak_log":217,"minecraft:coal_ore":38,"minecraft:sunflower":1,"minecraft:gravel":2,"minecraft:dirt":242,"minecraft:stone_bricks":1,"minecraft:oak_leaves":4,"minecraft:deepslate":16,"minecraft:fern":5},"minecraft:custom":{"minecraft:mob_kills":19,"minecraft:interact_with_crafting_table":43,"minecraft:damage_dealt_resisted":198,"minecraft:eat_cake_slice":3,"minecraft:leave_game":5,"minecraft:time_since_death":30239,"minecraft:climb_one_cm":16826,"minecraft:sprint_one_cm":1027644,"minecraft:walk_one_cm":773036,"minecraft:drop":35,"minecraft:damage_dealt_absorbed":114,"minecraft:play_time":336441,"minecraft:sneak_time":37092,"minecraft:deaths":5,"minecraft:walk_under_water_one_cm":15401,"minecraft:jump":5204,"minecraft:interact_with_blast_furnace":7,"minecraft:walk_on_water_one_cm":47462,"minecraft:total_world_time":336441,"minecraft:interact_with_furnace":25,"minecraft:interact_with_stonecutter":5,"minecraft:sleep_in_bed":13,"minecraft:time_since_rest":18297,"minecraft:damage_taken":6518,"minecraft:damage_dealt":3397,"minecraft:swim_one_cm":57719,"minecraft:fly_one_cm":1104402,"minecraft:open_chest":209,"minecraft:crouch_one_cm":169088,"minecraft:interact_with_smoker":11,"minecraft:fall_one_cm":130788}},"DataVersion":3465}