{"stats":{"minecraft:dropped":{"minecraft:stripped_mangrove_wood":4,"biomesoplenty:pink_daffodil":2,"minecraft:oak_log":23,"mca:bouquet":1,"minecraft:dirt":1,"gravestone:obituary":1,"farmersdelight:onion":2,"minecraft:cyan_carpet":2,"minecraft:gravel":1,"minecraft:stone_axe":1,"aether:golden_gloves":1,"minecraft:rotten_flesh":10,"minecraft:oak_planks":1,"minecraft:gunpowder":3,"minecraft:beetroot_seeds":1,"minecraft:red_nether_bricks":2,"minecraft:scaffolding":7,"minecraft:bread":19,"minecraft:wheat_seeds":5,"minecraft:iron_helmet":1,"minecraft:apple":1,"minecraft:stick":1,"modernlife:guitar":1,"farmersdelight:golden_knife":1,"bakery:strawberry_seeds":1,"biomesoplenty:stripped_fir_log":2,"minecraft:iron_axe":2,"minecraft:string":6,"minecraft:bucket":2,"minecraft:stone_brick_slab":1,"minecraft:kelp":1,"alexsmobs:maggot":4,"modernlife:oak_log_ramp":2,"minecraft:blast_furnace":1,"bakery:street_sign":1,"minecraft:spider_eye":1,"minecraft:bow":1,"minecraft:calcite":4},"minecraft:used":{"minecraft:iron_shovel":210,"sophisticatedbackpacks:copper_backpack":1,"minecraft:shield":25,"minecraft:rotten_flesh":1,"minecraft:carrot":2,"biomesoplenty:fir_sapling":35,"minecraft:lantern":1,"minecraft:dark_oak_slab":1,"minecraft:stone_bricks":150,"minecraft:magma_block":1,"minecraft:bow":2,"minecraft:scaffolding":53,"minecraft:furnace":6,"minecraft:oak_sapling":6,"minecraft:dark_oak_stairs":1,"minecraft:stone_pickaxe":100,"minecraft:oak_planks":221,"biomesoplenty:fir_planks":4,"minecraft:sugar_cane":1,"biomesoplenty:rainbow_birch_sapling":1,"minecraft:golden_hoe":15,"bakery:street_sign":3,"minecraft:blast_furnace":1,"modernlife:oak_log_ramp":6,"minecraft:bread":87,"minecraft:melon_slice":4,"modernlife:deluxe_bed":1,"biomesoplenty:stripped_fir_log":1,"biomesoplenty:fir_sign":3,"minecraft:oak_boat":2,"minecraft:stone_sword":166,"minecraft:spruce_planks":1,"minecraft:wooden_shovel":61,"minecraft:torch":26,"minecraft:dirt":404,"biomesoplenty:maple_sapling":14,"alexsmobs:maggot":3,"minecraft:stone_brick_slab":8,"minecraft:dark_oak_planks":1,"minecraft:iron_axe":814,"minecraft:cooked_beef":10,"minecraft:cobbled_deepslate":8,"minecraft:calcite":4,"minecraft:wheat_seeds":2,"minecraft:cooked_mutton":1,"minecraft:water_bucket":125,"alexsmobs:cooked_catfish":3,"farmersdelight:golden_knife":1,"biomesoplenty:fir_wood":5,"minecraft:green_bed":2,"biomesoplenty:fir_slab":14,"minecraft:crafting_table":7,"minecraft:painting":1,"biomesoplenty:orange_autumn_sapling":1,"minecraft:cake":1,"minecraft:oak_log":28,"minecraft:oxeye_daisy":1,"minecraft:sunflower":2,"minecraft:iron_pickaxe":284,"biomesoplenty:toadstool":2,"minecraft:stone_axe":119,"minecraft:cooked_porkchop":10,"minecraft:bucket":126,"minecraft:pumpkin_pie":1,"alexsmobs:animal_dictionary":1,"biomesoplenty:fir_log":967},"minecraft:crafted":{"minecraft:oak_planks":420,"modernlife:oak_log_ramp":6,"minecraft:stone":72,"minecraft:cooked_mutton":2,"bakery:street_sign":2,"minecraft:stone_brick_slab":6,"minecraft:iron_boots":2,"biomesoplenty:fir_slab":126,"alexsmobs:cooked_catfish":3,"minecraft:stone_bricks":5,"biomesoplenty:fir_wood":9,"minecraft:wooden_shovel":1,"minecraft:cooked_porkchop":12,"minecraft:crafting_table":1,"minecraft:spruce_planks":32,"biomesoplenty:fir_planks":84,"modernlife:deluxe_bed":1,"minecraft:iron_chestplate":1,"minecraft:paper":3,"minecraft:shield":3,"minecraft:stick":140,"minecraft:iron_ingot":14,"minecraft:iron_pickaxe":2,"minecraft:stone_sword":1,"minecraft:furnace":2,"mca:bouquet":1,"minecraft:iron_axe":5,"minecraft:stone_pickaxe":1,"minecraft:wheat":36,"minecraft:cooked_beef":10,"minecraft:bucket":1,"minecraft:stone_axe":1,"minecraft:bread":12,"minecraft:air":0,"minecraft:oak_boat":1,"minecraft:iron_shovel":1,"minecraft:iron_leggings":1,"minecraft:torch":40},"minecraft:picked_up":{"minecraft:iron_chestplate":1,"biomesoplenty:orange_autumn_sapling":1,"bakery:strawberry_seeds":1,"biomesoplenty:rainbow_birch_sapling":1,"minecraft:polished_deepslate":1,"minecraft:string":8,"minecraft:dark_oak_trapdoor":2,"minecraft:red_nether_bricks":2,"biomesoplenty:fir_sign":3,"minecraft:beetroot":8,"minecraft:cobbled_deepslate":8,"biomesoplenty:fir_planks":2,"minecraft:bucket":2,"minecraft:spruce_planks":39,"minecraft:calcite":14,"minecraft:melon_slice":16,"minecraft:smooth_quartz_stairs":1,"minecraft:iron_boots":1,"minecraft:furnace":5,"minecraft:stick":94,"minecraft:torch":49,"minecraft:green_bed":4,"minecraft:spruce_stairs":2,"modernlife:oak_log_ramp":8,"minecraft:porkchop":23,"aether:golden_gloves":1,"minecraft:diorite":11,"minecraft:rotten_flesh":24,"biomesoplenty:fir_slab":7,"minecraft:cobblestone":310,"minecraft:magma_block":2,"bakery:street_sign":2,"biomesoplenty:fir_sapling":35,"biomesoplenty:fir_log":341,"minecraft:lapis_lazuli":7,"minecraft:mangrove_slab":2,"minecraft:dirt":491,"minecraft:bone":24,"farmersdelight:iron_knife":1,"minecraft:bow":1,"minecraft:wheat_seeds":19,"minecraft:raw_gold":8,"minecraft:honeycomb":1,"minecraft:oak_planks":9,"biomesoplenty:toadstool":2,"minecraft:cooked_porkchop":1,"minecraft:diamond":2,"minecraft:soul_lantern":1,"minecraft:crossbow":1,"minecraft:granite":7,"minecraft:bread":36,"alexsmobs:maggot":7,"biomesoplenty:pink_daffodil":3,"minecraft:oak_sapling":6,"minecraft:crafting_table":8,"minecraft:chain":1,"minecraft:shield":1,"minecraft:iron_axe":2,"minecraft:iron_shovel":1,"minecraft:blackstone":1,"minecraft:cyan_carpet":3,"minecraft:beef":27,"minecraft:oak_boat":1,"minecraft:player_head":2,"minecraft:sugar_cane":5,"minecraft:raw_iron":27,"minecraft:stripped_mangrove_wood":4,"minecraft:stone":64,"minecraft:copper_ingot":1,"minecraft:carrot":29,"minecraft:dark_oak_planks":6,"minecraft:arrow":27,"modernlife:guitar":1,"minecraft:beetroot_seeds":1,"minecraft:golden_hoe":1,"minecraft:hay_block":4,"minecraft:stripped_dark_oak_wood":2,"minecraft:pink_tulip":2,"sophisticatedbackpacks:copper_backpack":3,"biomesoplenty:fir_wood":4,"minecraft:mutton":2,"minecraft:white_wool":2,"minecraft:oxeye_daisy":1,"minecraft:tripwire_hook":1,"minecraft:leather":15,"minecraft:oak_log":63,"minecraft:gunpowder":2,"minecraft:white_banner":1,"biomesoplenty:stripped_fir_log":3,"minecraft:apple":3,"minecraft:stone_bricks":16,"minecraft:kelp":1,"minecraft:iron_ingot":10,"minecraft:dark_oak_stairs":3,"minecraft:book":18,"minecraft:scaffolding":66,"minecraft:dark_oak_slab":2,"minecraft:stone_brick_slab":3,"minecraft:gravel":2,"minecraft:red_banner":1,"minecraft:blast_furnace":11,"minecraft:spruce_log":8,"minecraft:spider_eye":1,"alexsmobs:raw_catfish":3,"biomesoplenty:maple_sapling":14,"minecraft:slime_ball":2,"minecraft:stone_axe":3,"minecraft:iron_helmet":1,"minecraft:painting":1,"minecraft:stripped_dark_oak_log":1,"minecraft:coal":98,"minecraft:sunflower":3},"minecraft:killed":{"minecraft:spider":4,"minecraft:skeleton":27,"minecraft:pig":12,"minecraft:creeper":1,"minecraft:sheep":2,"minecraft:pillager":3,"minecraft:zombie":21,"alexsmobs:fly":9,"minecraft:cow":12,"alexsmobs:raccoon":1,"minecraft:slime":3,"alexsmobs:blue_jay":1,"minecraft:drowned":15,"minecraft:husk":2,"minecraft:frog":5,"alexsmobs:catfish":1,"alexsmobs:cockroach":2},"minecraft:killed_by":{"minecraft:creeper":1,"minecraft:vindicator":1,"minecraft:skeleton":4},"minecraft:broken":{"minecraft:wooden_shovel":1,"minecraft:stone_axe":1,"minecraft:iron_axe":2,"minecraft:iron_pickaxe":1},"minecraft:mined":{"minecraft:dark_oak_planks":8,"minecraft:red_nether_bricks":2,"minecraft:granite":7,"biomesoplenty:fir_slab":4,"minecraft:grass_block":225,"minecraft:spawner":1,"biomesoplenty:stripped_fir_log":2,"minecraft:tall_seagrass":1,"minecraft:magma_block":10,"minecraft:dark_oak_trapdoor":2,"minecraft:cobbled_deepslate":2,"minecraft:deepslate_lapis_ore":1,"minecraft:stripped_dark_oak_wood":2,"minecraft:dark_oak_stairs":4,"minecraft:stripped_mangrove_wood":4,"minecraft:player_head":1,"minecraft:green_bed":4,"minecraft:blackstone":3,"minecraft:soul_lantern":1,"minecraft:powder_snow":1,"minecraft:torch":1,"minecraft:blast_furnace":10,"minecraft:calcite":14,"minecraft:melon":3,"minecraft:white_stained_glass_pane":1,"minecraft:cobblestone":5,"minecraft:oak_planks":8,"minecraft:sugar_cane":1,"minecraft:wall_torch":3,"minecraft:chain":1,"biomesoplenty:fir_wood":4,"minecraft:dark_oak_slab":1,"bakery:street_sign":2,"minecraft:wheat":2,"minecraft:lilac":1,"biomesoplenty:fir_log":421,"minecraft:grass":88,"biomesoplenty:clover":3,"minecraft:oak_log":74,"minecraft:dirt":50,"minecraft:tripwire_hook":1,"minecraft:oak_leaves":8,"minecraft:deepslate":7,"minecraft:light_blue_stained_glass_pane":1,"biomesoplenty:orange_autumn_leaves":2,"minecraft:deepslate_diamond_ore":2,"gravestone:gravestone":8,"biomesoplenty:bush":4,"biomesoplenty:dead_grass":1,"minecraft:kelp":2,"biomesoplenty:tundra_shrub":1,"minecraft:hay_block":2,"minecraft:furnace":5,"biomesoplenty:toadstool":1,"biomesoplenty:fir_wall_sign":3,"minecraft:polished_deepslate":1,"minecraft:bookshelf":7,"biomesoplenty:high_grass":29,"minecraft:deepslate_iron_ore":17,"minecraft:smooth_quartz_stairs":1,"minecraft:stone":228,"minecraft:scaffolding":7,"minecraft:stripped_dark_oak_log":1,"minecraft:stone_brick_slab":4,"minecraft:crafting_table":7,"bakery:wild_strawberries":1,"modernlife:oak_log_ramp":8,"biomesoplenty:high_grass_plant":39,"minecraft:tall_grass":4,"biomesoplenty:sprout":5,"minecraft:deepslate_gold_ore":7,"minecraft:diorite":11,"minecraft:spruce_stairs":3,"farmersdelight:wild_beetroots":1,"minecraft:purple_bed":1,"biomesoplenty:yellow_autumn_leaves":2,"biomesoplenty:pink_daffodil":5,"minecraft:red_wall_banner":1,"minecraft:mangrove_slab":2,"minecraft:coal_ore":20,"biomesoplenty:fir_leaves":4,"minecraft:cyan_carpet":1,"minecraft:sunflower":2,"minecraft:gravel":2,"minecraft:stone_bricks":16,"minecraft:mossy_stone_bricks":1,"minecraft:gold_ore":1,"minecraft:fern":21},"minecraft:custom":{"minecraft:interact_with_crafting_table":49,"minecraft:open_barrel":25,"minecraft:eat_cake_slice":7,"minecraft:leave_game":5,"minecraft:time_since_death":7537,"minecraft:sprint_one_cm":558617,"minecraft:damage_blocked_by_shield":1570,"minecraft:drop":82,"minecraft:play_time":345954,"minecraft:deaths":8,"minecraft:jump":5716,"minecraft:walk_on_water_one_cm":74072,"minecraft:interact_with_furnace":56,"minecraft:interact_with_loom":1,"minecraft:sleep_in_bed":10,"minecraft:damage_dealt":19859,"minecraft:player_kills":1,"minecraft:crouch_one_cm":32216,"minecraft:interact_with_smoker":12,"minecraft:mob_kills":124,"minecraft:interact_with_anvil":1,"minecraft:climb_one_cm":33025,"minecraft:walk_one_cm":1008237,"minecraft:damage_dealt_absorbed":119,"minecraft:sneak_time":12161,"minecraft:walk_under_water_one_cm":47153,"minecraft:boat_one_cm":171990,"minecraft:interact_with_blast_furnace":18,"minecraft:total_world_time":345954,"minecraft:interact_with_stonecutter":6,"minecraft:time_since_rest":7570,"minecraft:damage_taken":7842,"minecraft:swim_one_cm":141674,"minecraft:fly_one_cm":1004367,"minecraft:open_chest":149,"minecraft:fall_one_cm":173821}},"DataVersion":3465}