{"stats":{"minecraft:dropped":{"minecraft:bread":19,"minecraft:wheat_seeds":5,"biomesoplenty:pink_daffodil":2,"minecraft:oak_log":23,"mca:bouquet":1,"minecraft:iron_helmet":1,"minecraft:apple":1,"minecraft:stick":1,"minecraft:dirt":1,"farmersdelight:golden_knife":1,"modernlife:guitar":1,"bakery:strawberry_seeds":1,"farmersdelight:onion":2,"biomesoplenty:stripped_fir_log":2,"minecraft:iron_axe":1,"minecraft:string":6,"minecraft:bucket":1,"minecraft:stone_brick_slab":1,"minecraft:gravel":1,"minecraft:stone_axe":1,"minecraft:kelp":1,"alexsmobs:maggot":4,"aether:golden_gloves":1,"minecraft:rotten_flesh":10,"minecraft:oak_planks":1,"modernlife:oak_log_ramp":2,"minecraft:blast_furnace":1,"bakery:street_sign":1,"minecraft:gunpowder":3,"minecraft:beetroot_seeds":1,"minecraft:spider_eye":1,"minecraft:scaffolding":7},"minecraft:used":{"minecraft:stone_sword":166,"minecraft:iron_shovel":210,"sophisticatedbackpacks:copper_backpack":1,"minecraft:shield":5,"minecraft:wooden_shovel":61,"minecraft:torch":13,"minecraft:dirt":402,"biomesoplenty:maple_sapling":14,"minecraft:dark_oak_planks":1,"minecraft:stone_brick_slab":8,"alexsmobs:maggot":2,"minecraft:lantern":1,"minecraft:iron_axe":600,"biomesoplenty:fir_sapling":35,"minecraft:stone_bricks":28,"minecraft:scaffolding":53,"minecraft:oak_sapling":6,"minecraft:furnace":4,"minecraft:cooked_beef":10,"minecraft:cobbled_deepslate":8,"alexsmobs:cooked_catfish":3,"minecraft:water_bucket":105,"minecraft:stone_pickaxe":76,"minecraft:oak_planks":221,"farmersdelight:golden_knife":1,"biomesoplenty:fir_wood":5,"biomesoplenty:fir_planks":4,"minecraft:sugar_cane":1,"minecraft:green_bed":2,"biomesoplenty:rainbow_birch_sapling":1,"biomesoplenty:fir_slab":14,"minecraft:crafting_table":5,"bakery:street_sign":3,"minecraft:blast_furnace":1,"modernlife:oak_log_ramp":6,"biomesoplenty:orange_autumn_sapling":1,"minecraft:cake":1,"minecraft:oak_log":28,"minecraft:sunflower":2,"minecraft:bread":62,"modernlife:deluxe_bed":1,"minecraft:iron_pickaxe":241,"biomesoplenty:stripped_fir_log":1,"biomesoplenty:toadstool":2,"minecraft:stone_axe":103,"minecraft:cooked_porkchop":4,"minecraft:bucket":106,"minecraft:pumpkin_pie":1,"minecraft:oak_boat":2,"alexsmobs:animal_dictionary":1,"biomesoplenty:fir_log":967},"minecraft:crafted":{"minecraft:oak_planks":420,"minecraft:furnace":2,"modernlife:oak_log_ramp":6,"minecraft:stone":30,"mca:bouquet":1,"bakery:street_sign":2,"minecraft:stone_brick_slab":6,"minecraft:iron_boots":1,"minecraft:iron_axe":3,"biomesoplenty:fir_slab":126,"minecraft:stone_pickaxe":1,"alexsmobs:cooked_catfish":3,"minecraft:stone_bricks":4,"minecraft:cooked_beef":10,"biomesoplenty:fir_wood":9,"minecraft:wooden_shovel":1,"minecraft:cooked_porkchop":11,"minecraft:crafting_table":1,"minecraft:bucket":1,"minecraft:stone_axe":1,"minecraft:air":0,"biomesoplenty:fir_planks":84,"minecraft:oak_boat":1,"modernlife:deluxe_bed":1,"minecraft:paper":3,"minecraft:shield":1,"minecraft:stick":136,"minecraft:iron_ingot":10,"minecraft:iron_pickaxe":1,"minecraft:stone_sword":1,"minecraft:iron_shovel":1,"minecraft:iron_leggings":1,"minecraft:torch":12},"minecraft:picked_up":{"minecraft:crafting_table":4,"biomesoplenty:orange_autumn_sapling":1,"bakery:strawberry_seeds":1,"biomesoplenty:rainbow_birch_sapling":1,"minecraft:string":4,"minecraft:iron_axe":1,"minecraft:iron_shovel":1,"minecraft:cobbled_deepslate":8,"minecraft:bucket":1,"biomesoplenty:fir_planks":2,"minecraft:beef":27,"minecraft:oak_boat":1,"minecraft:player_head":1,"minecraft:sugar_cane":5,"minecraft:furnace":2,"minecraft:stick":92,"minecraft:raw_iron":27,"minecraft:copper_ingot":1,"minecraft:torch":41,"minecraft:green_bed":4,"modernlife:oak_log_ramp":8,"minecraft:porkchop":22,"minecraft:diorite":10,"minecraft:carrot":1,"minecraft:rotten_flesh":17,"modernlife:guitar":1,"minecraft:beetroot_seeds":1,"biomesoplenty:fir_slab":7,"minecraft:pink_tulip":2,"sophisticatedbackpacks:copper_backpack":3,"biomesoplenty:fir_wood":4,"minecraft:cobblestone":310,"bakery:street_sign":2,"minecraft:leather":15,"biomesoplenty:fir_sapling":35,"biomesoplenty:fir_log":341,"minecraft:oak_log":63,"minecraft:gunpowder":2,"minecraft:lapis_lazuli":7,"minecraft:dirt":488,"minecraft:white_banner":1,"minecraft:bone":2,"biomesoplenty:stripped_fir_log":3,"farmersdelight:iron_knife":1,"minecraft:stone_bricks":5,"minecraft:apple":3,"minecraft:kelp":1,"minecraft:wheat_seeds":17,"minecraft:raw_gold":7,"minecraft:iron_ingot":4,"minecraft:oak_planks":9,"minecraft:honeycomb":1,"biomesoplenty:toadstool":2,"minecraft:scaffolding":66,"minecraft:stone_brick_slab":3,"minecraft:gravel":2,"minecraft:blast_furnace":2,"minecraft:spider_eye":1,"alexsmobs:raw_catfish":3,"biomesoplenty:maple_sapling":14,"minecraft:slime_ball":2,"minecraft:diamond":2,"minecraft:stone_axe":1,"minecraft:iron_helmet":1,"minecraft:crossbow":1,"minecraft:granite":7,"minecraft:bread":36,"alexsmobs:maggot":6,"biomesoplenty:pink_daffodil":3,"minecraft:oak_sapling":6,"minecraft:coal":97,"minecraft:sunflower":3},"minecraft:killed":{"alexsmobs:raccoon":1,"minecraft:spider":1,"minecraft:slime":3,"minecraft:skeleton":1,"alexsmobs:blue_jay":1,"minecraft:drowned":15,"minecraft:pig":11,"minecraft:creeper":1,"alexsmobs:catfish":1,"minecraft:pillager":3,"minecraft:zombie":15,"alexsmobs:cockroach":1,"alexsmobs:fly":8,"minecraft:cow":12},"minecraft:killed_by":{"minecraft:creeper":1,"minecraft:vindicator":1,"minecraft:skeleton":2},"minecraft:broken":{"minecraft:wooden_shovel":1,"minecraft:iron_axe":2,"minecraft:stone_axe":1},"minecraft:mined":{"minecraft:light_blue_stained_glass_pane":1,"biomesoplenty:orange_autumn_leaves":2,"minecraft:deepslate_diamond_ore":2,"gravestone:gravestone":5,"minecraft:granite":7,"biomesoplenty:bush":4,"biomesoplenty:fir_slab":4,"minecraft:grass_block":223,"biomesoplenty:dead_grass":1,"minecraft:kelp":2,"biomesoplenty:tundra_shrub":1,"biomesoplenty:stripped_fir_log":2,"minecraft:tall_seagrass":1,"minecraft:furnace":2,"biomesoplenty:toadstool":1,"minecraft:cobbled_deepslate":2,"minecraft:deepslate_lapis_ore":1,"biomesoplenty:high_grass":29,"minecraft:deepslate_iron_ore":17,"minecraft:stone":228,"minecraft:green_bed":4,"minecraft:scaffolding":7,"minecraft:stone_brick_slab":4,"minecraft:powder_snow":1,"minecraft:crafting_table":4,"minecraft:blast_furnace":1,"bakery:wild_strawberries":1,"modernlife:oak_log_ramp":8,"minecraft:white_stained_glass_pane":1,"biomesoplenty:high_grass_plant":39,"biomesoplenty:sprout":5,"minecraft:deepslate_gold_ore":7,"minecraft:sugar_cane":1,"minecraft:oak_planks":8,"minecraft:diorite":10,"minecraft:wall_torch":2,"farmersdelight:wild_beetroots":1,"biomesoplenty:fir_wood":4,"bakery:street_sign":2,"biomesoplenty:yellow_autumn_leaves":2,"biomesoplenty:pink_daffodil":5,"minecraft:lilac":1,"biomesoplenty:fir_log":421,"minecraft:grass":85,"biomesoplenty:clover":3,"minecraft:oak_log":74,"minecraft:coal_ore":19,"biomesoplenty:fir_leaves":4,"minecraft:sunflower":2,"minecraft:gravel":2,"minecraft:dirt":49,"minecraft:stone_bricks":5,"minecraft:mossy_stone_bricks":1,"minecraft:oak_leaves":8,"minecraft:deepslate":7,"minecraft:fern":16},"minecraft:custom":{"minecraft:mob_kills":74,"minecraft:interact_with_crafting_table":38,"minecraft:open_barrel":1,"minecraft:eat_cake_slice":3,"minecraft:leave_game":5,"minecraft:time_since_death":18377,"minecraft:climb_one_cm":28266,"minecraft:sprint_one_cm":468035,"minecraft:walk_one_cm":750514,"minecraft:damage_blocked_by_shield":180,"minecraft:drop":73,"minecraft:damage_dealt_absorbed":119,"minecraft:play_time":267954,"minecraft:deaths":5,"minecraft:sneak_time":9777,"minecraft:walk_under_water_one_cm":36909,"minecraft:boat_one_cm":171990,"minecraft:jump":4860,"minecraft:interact_with_blast_furnace":12,"minecraft:walk_on_water_one_cm":56797,"minecraft:total_world_time":267954,"minecraft:interact_with_furnace":35,"minecraft:interact_with_stonecutter":1,"minecraft:sleep_in_bed":9,"minecraft:time_since_rest":860,"minecraft:damage_taken":4947,"minecraft:damage_dealt":10876,"minecraft:player_kills":1,"minecraft:swim_one_cm":83287,"minecraft:fly_one_cm":862972,"minecraft:open_chest":117,"minecraft:crouch_one_cm":24990,"minecraft:interact_with_smoker":8,"minecraft:fall_one_cm":151760}},"DataVersion":3465}