{"stats":{"minecraft:dropped":{"minecraft:bread":17,"minecraft:wheat_seeds":5,"biomesoplenty:pink_daffodil":2,"minecraft:oak_log":23,"minecraft:iron_helmet":1,"minecraft:apple":1,"minecraft:stick":1,"minecraft:dirt":1,"farmersdelight:golden_knife":1,"bakery:strawberry_seeds":1,"farmersdelight:onion":2,"biomesoplenty:stripped_fir_log":2,"minecraft:iron_axe":1,"minecraft:string":3,"minecraft:bucket":1,"minecraft:gravel":1,"minecraft:stone_axe":1,"minecraft:kelp":1,"alexsmobs:maggot":2,"aether:golden_gloves":1,"minecraft:rotten_flesh":10,"minecraft:blast_furnace":1,"minecraft:gunpowder":2,"minecraft:beetroot_seeds":1,"minecraft:spider_eye":1},"minecraft:used":{"minecraft:stone_sword":115,"minecraft:iron_shovel":138,"sophisticatedbackpacks:copper_backpack":1,"minecraft:wooden_shovel":61,"minecraft:torch":3,"minecraft:dirt":318,"biomesoplenty:maple_sapling":14,"minecraft:dark_oak_planks":1,"alexsmobs:maggot":2,"biomesoplenty:fir_sapling":35,"minecraft:iron_axe":486,"minecraft:scaffolding":38,"minecraft:furnace":1,"minecraft:oak_sapling":6,"minecraft:water_bucket":85,"minecraft:stone_pickaxe":76,"minecraft:oak_planks":25,"farmersdelight:golden_knife":1,"biomesoplenty:fir_planks":4,"minecraft:green_bed":2,"biomesoplenty:rainbow_birch_sapling":1,"biomesoplenty:fir_slab":14,"minecraft:crafting_table":5,"minecraft:blast_furnace":1,"biomesoplenty:orange_autumn_sapling":1,"minecraft:cake":1,"minecraft:oak_log":27,"minecraft:sunflower":2,"minecraft:bread":56,"minecraft:iron_pickaxe":5,"biomesoplenty:stripped_fir_log":1,"biomesoplenty:toadstool":2,"minecraft:stone_axe":103,"minecraft:bucket":86,"minecraft:pumpkin_pie":1,"alexsmobs:animal_dictionary":1,"minecraft:oak_boat":2,"biomesoplenty:fir_log":355},"minecraft:crafted":{"minecraft:oak_planks":176,"minecraft:furnace":1,"minecraft:iron_axe":2,"biomesoplenty:fir_slab":126,"minecraft:stone_pickaxe":1,"minecraft:wooden_shovel":1,"minecraft:crafting_table":1,"minecraft:bucket":1,"minecraft:stone_axe":1,"minecraft:air":0,"biomesoplenty:fir_planks":80,"minecraft:oak_boat":1,"minecraft:stick":136,"minecraft:iron_pickaxe":1,"minecraft:iron_ingot":4,"minecraft:stone_sword":1,"minecraft:iron_shovel":1,"minecraft:torch":12},"minecraft:picked_up":{"minecraft:crafting_table":4,"biomesoplenty:orange_autumn_sapling":1,"bakery:strawberry_seeds":1,"biomesoplenty:rainbow_birch_sapling":1,"minecraft:string":3,"minecraft:iron_axe":1,"minecraft:cobbled_deepslate":1,"minecraft:bucket":1,"biomesoplenty:fir_planks":2,"minecraft:beef":23,"minecraft:oak_boat":1,"minecraft:player_head":1,"minecraft:sugar_cane":4,"minecraft:furnace":1,"minecraft:raw_iron":4,"minecraft:stick":28,"minecraft:copper_ingot":1,"minecraft:green_bed":2,"minecraft:porkchop":22,"minecraft:diorite":10,"minecraft:rotten_flesh":12,"minecraft:beetroot_seeds":1,"biomesoplenty:fir_slab":7,"minecraft:pink_tulip":1,"sophisticatedbackpacks:copper_backpack":2,"minecraft:cobblestone":122,"minecraft:leather":15,"biomesoplenty:fir_sapling":35,"biomesoplenty:fir_log":272,"minecraft:oak_log":63,"minecraft:gunpowder":2,"minecraft:lapis_lazuli":7,"minecraft:dirt":408,"biomesoplenty:stripped_fir_log":3,"minecraft:apple":3,"minecraft:kelp":1,"minecraft:wheat_seeds":16,"minecraft:raw_gold":2,"minecraft:iron_ingot":4,"minecraft:honeycomb":1,"biomesoplenty:toadstool":2,"minecraft:scaffolding":44,"minecraft:gravel":2,"minecraft:blast_furnace":2,"minecraft:spider_eye":1,"alexsmobs:raw_catfish":3,"biomesoplenty:maple_sapling":14,"minecraft:stone_axe":1,"minecraft:iron_helmet":1,"minecraft:granite":7,"minecraft:bread":36,"alexsmobs:maggot":4,"biomesoplenty:pink_daffodil":3,"minecraft:oak_sapling":6,"minecraft:coal":29,"minecraft:sunflower":3},"minecraft:killed":{"alexsmobs:raccoon":1,"minecraft:spider":1,"alexsmobs:blue_jay":1,"minecraft:drowned":15,"minecraft:pig":11,"minecraft:creeper":1,"alexsmobs:catfish":1,"minecraft:zombie":6,"alexsmobs:fly":4,"minecraft:cow":12},"minecraft:killed_by":{"minecraft:creeper":1,"minecraft:vindicator":1},"minecraft:broken":{"minecraft:wooden_shovel":1,"minecraft:iron_axe":2,"minecraft:stone_axe":1},"minecraft:mined":{"minecraft:light_blue_stained_glass_pane":1,"biomesoplenty:orange_autumn_leaves":2,"minecraft:granite":7,"gravestone:gravestone":2,"biomesoplenty:bush":4,"biomesoplenty:fir_slab":4,"minecraft:grass_block":148,"biomesoplenty:dead_grass":1,"minecraft:kelp":2,"biomesoplenty:tundra_shrub":1,"biomesoplenty:stripped_fir_log":2,"minecraft:tall_seagrass":1,"minecraft:furnace":1,"biomesoplenty:toadstool":1,"minecraft:deepslate_lapis_ore":1,"biomesoplenty:high_grass":29,"minecraft:deepslate_iron_ore":4,"minecraft:stone":36,"minecraft:green_bed":2,"minecraft:scaffolding":7,"minecraft:powder_snow":1,"minecraft:crafting_table":4,"minecraft:blast_furnace":1,"bakery:wild_strawberries":1,"minecraft:white_stained_glass_pane":1,"biomesoplenty:high_grass_plant":39,"biomesoplenty:sprout":5,"minecraft:deepslate_gold_ore":2,"minecraft:diorite":10,"farmersdelight:wild_beetroots":1,"biomesoplenty:yellow_autumn_leaves":2,"biomesoplenty:pink_daffodil":5,"minecraft:lilac":1,"biomesoplenty:fir_log":349,"biomesoplenty:clover":3,"minecraft:grass":76,"minecraft:coal_ore":15,"minecraft:oak_log":74,"biomesoplenty:fir_leaves":4,"minecraft:sunflower":2,"minecraft:gravel":2,"minecraft:dirt":45,"minecraft:mossy_stone_bricks":1,"minecraft:oak_leaves":8,"minecraft:deepslate":1,"minecraft:fern":16},"minecraft:custom":{"minecraft:mob_kills":53,"minecraft:interact_with_crafting_table":19,"minecraft:open_barrel":1,"minecraft:eat_cake_slice":3,"minecraft:leave_game":4,"minecraft:time_since_death":13730,"minecraft:climb_one_cm":10650,"minecraft:sprint_one_cm":369937,"minecraft:walk_one_cm":464805,"minecraft:drop":58,"minecraft:damage_dealt_absorbed":119,"minecraft:play_time":152348,"minecraft:deaths":2,"minecraft:sneak_time":4080,"minecraft:walk_under_water_one_cm":26356,"minecraft:boat_one_cm":171990,"minecraft:jump":3709,"minecraft:interact_with_blast_furnace":4,"minecraft:walk_on_water_one_cm":44666,"minecraft:total_world_time":152348,"minecraft:interact_with_furnace":6,"minecraft:sleep_in_bed":7,"minecraft:time_since_rest":13140,"minecraft:damage_taken":2707,"minecraft:damage_dealt":7941,"minecraft:swim_one_cm":67863,"minecraft:fly_one_cm":717242,"minecraft:player_kills":1,"minecraft:open_chest":66,"minecraft:crouch_one_cm":7584,"minecraft:fall_one_cm":114612}},"DataVersion":3465}