{"stats":{"minecraft:broken":{"minecraft:wooden_shovel":1,"minecraft:stone_axe":1,"minecraft:iron_axe":6,"minecraft:iron_pickaxe":1,"minecraft:golden_pickaxe":1},"minecraft:mined":{"minecraft:dark_oak_planks":10,"minecraft:red_nether_bricks":2,"minecraft:granite":7,"biomesoplenty:fir_slab":4,"minecraft:grass_block":230,"farmersdelight:budding_tomatoes":3,"minecraft:spawner":2,"biomesoplenty:stripped_fir_log":72,"minecraft:tall_seagrass":1,"minecraft:magma_block":11,"minecraft:dark_oak_trapdoor":2,"minecraft:iron_ore":6,"minecraft:cobbled_deepslate":2,"bakery:brick_stove":1,"modernlife:dark_oak_wall_shelf":12,"minecraft:deepslate_lapis_ore":1,"bakery:baker_station":2,"minecraft:stripped_dark_oak_wood":2,"minecraft:dark_oak_stairs":5,"minecraft:stripped_mangrove_wood":4,"minecraft:player_head":3,"minecraft:green_bed":4,"bakery:brick_counter":7,"minecraft:blackstone":4,"minecraft:soul_lantern":1,"minecraft:powder_snow":1,"minecraft:clay":96,"minecraft:torch":2,"minecraft:blast_furnace":11,"minecraft:calcite":19,"minecraft:melon":3,"minecraft:chest":28,"minecraft:white_stained_glass_pane":1,"bakery:wall_display":9,"minecraft:cobblestone":7,"minecraft:oak_planks":23,"minecraft:sugar_cane":49,"minecraft:bricks":5,"minecraft:wall_torch":7,"minecraft:pink_petals":1,"minecraft:birch_sapling":1,"minecraft:seagrass":2,"minecraft:chain":1,"biomesoplenty:fir_wood":5,"minecraft:dark_oak_slab":6,"bakery:street_sign":2,"minecraft:birch_log":93,"farmersdelight:cutting_board":1,"minecraft:wheat":56,"minecraft:lilac":1,"biomesoplenty:fir_log":986,"minecraft:yellow_glazed_terracotta":1,"minecraft:grass":110,"biomesoplenty:clover":3,"minecraft:oak_log":75,"minecraft:dirt":80,"minecraft:sand":69,"minecraft:tripwire_hook":1,"minecraft:oak_leaves":8,"minecraft:deepslate":7,"minecraft:light_blue_stained_glass_pane":1,"biomesoplenty:orange_autumn_leaves":2,"farmersdelight:onions":1,"minecraft:deepslate_diamond_ore":2,"farmersdelight:wild_carrots":6,"minecraft:stripped_birch_log":4,"gravestone:gravestone":23,"biomesoplenty:bush":4,"modernlife:glass_trapdoor":3,"farmersdelight:tomatoes":4,"biomesoplenty:dead_grass":1,"minecraft:kelp":2,"biomesoplenty:tundra_shrub":1,"minecraft:hay_block":2,"farmersdelight:wild_onions":4,"minecraft:furnace":5,"biomesoplenty:toadstool":2,"biomesoplenty:fir_wall_sign":3,"minecraft:peony":1,"minecraft:polished_deepslate":1,"biomesoplenty:fir_door":5,"minecraft:bookshelf":9,"minecraft:potatoes":5,"biomesoplenty:high_grass":29,"minecraft:deepslate_iron_ore":17,"minecraft:smooth_quartz_stairs":1,"minecraft:stone":405,"minecraft:scaffolding":11,"bakery:breadbox":1,"minecraft:stripped_dark_oak_log":1,"minecraft:stone_brick_slab":25,"minecraft:crafting_table":12,"minecraft:emerald_ore":1,"bakery:wild_strawberries":14,"modernlife:oak_log_ramp":8,"biomesoplenty:fir_planks":50,"biomesoplenty:high_grass_plant":39,"minecraft:tall_grass":6,"biomesoplenty:sprout":5,"minecraft:deepslate_gold_ore":7,"minecraft:diorite":11,"minecraft:spruce_stairs":3,"farmersdelight:wild_beetroots":1,"minecraft:purple_bed":1,"minecraft:black_stained_glass":3,"biomesoplenty:yellow_autumn_leaves":2,"biomesoplenty:pink_daffodil":5,"minecraft:birch_leaves":2,"minecraft:red_wall_banner":1,"minecraft:mangrove_slab":2,"minecraft:coal_ore":26,"biomesoplenty:fir_trapdoor":1,"biomesoplenty:fir_leaves":11,"minecraft:cyan_carpet":1,"minecraft:sunflower":2,"minecraft:gravel":2,"minecraft:gray_carpet":3,"farmersdelight:stove":3,"minecraft:stone_bricks":32,"minecraft:mossy_stone_bricks":1,"minecraft:gold_ore":1,"minecraft:birch_fence":13,"minecraft:fern":38},"minecraft:used":{"minecraft:peony":1,"minecraft:iron_shovel":421,"sophisticatedbackpacks:copper_backpack":1,"minecraft:shield":41,"farmersdelight:stove":4,"minecraft:chest":66,"minecraft:player_head":1,"minecraft:rotten_flesh":1,"minecraft:carrot":31,"minecraft:bricks":5,"minecraft:birch_sapling":10,"minecraft:lantern":1,"biomesoplenty:fir_sapling":187,"bakery:wall_display":11,"minecraft:dark_oak_slab":14,"minecraft:stone_bricks":200,"minecraft:item_frame":3,"farmersdelight:cutting_board":3,"minecraft:magma_block":1,"minecraft:bow":2,"minecraft:scaffolding":69,"minecraft:oak_sapling":6,"minecraft:furnace":9,"biomesoplenty:fir_trapdoor":1,"minecraft:potato":4,"minecraft:dark_oak_stairs":2,"minecraft:diorite":1,"minecraft:stone_pickaxe":100,"minecraft:gray_carpet":3,"minecraft:oak_planks":221,"biomesoplenty:fir_planks":54,"minecraft:sugar_cane":7,"biomesoplenty:rainbow_birch_sapling":1,"modernlife:dark_oak_wall_shelf":14,"minecraft:golden_hoe":15,"minecraft:sand":1,"bakery:street_sign":3,"minecraft:mushroom_stew":1,"minecraft:blast_furnace":1,"bakery:drawer":6,"modernlife:oak_log_ramp":6,"minecraft:birch_fence":66,"minecraft:melon_slice":14,"minecraft:bread":117,"modernlife:deluxe_bed":1,"biomesoplenty:stripped_fir_log":70,"minecraft:diamond_sword":153,"bakery:brick_counter":12,"minecraft:birch_log":4,"biomesoplenty:fir_sign":3,"minecraft:oak_boat":2,"minecraft:golden_pickaxe":116,"minecraft:stone_sword":166,"minecraft:spruce_planks":1,"minecraft:wooden_shovel":61,"minecraft:cooked_salmon":1,"bakery:breadbox":2,"minecraft:torch":32,"minecraft:dirt":432,"minecraft:spruce_stairs":1,"biomesoplenty:maple_sapling":14,"minecraft:dark_oak_planks":2,"minecraft:stone_brick_slab":213,"alexsmobs:maggot":6,"minecraft:iron_axe":1847,"bakery:baker_station":3,"farmersdelight:tomato_seeds":10,"minecraft:cooked_beef":10,"minecraft:cobbled_deepslate":8,"minecraft:calcite":5,"minecraft:wheat_seeds":49,"minecraft:cooked_mutton":5,"alexsmobs:cooked_catfish":3,"minecraft:water_bucket":230,"minecraft:cartography_table":1,"farmersdelight:golden_knife":1,"biomesoplenty:fir_wood":5,"minecraft:green_bed":2,"farmersdelight:onion":7,"biomesoplenty:fir_slab":14,"minecraft:crafting_table":13,"minecraft:painting":1,"biomesoplenty:orange_autumn_sapling":1,"minecraft:cake":2,"minecraft:oak_log":29,"minecraft:oxeye_daisy":1,"minecraft:sunflower":2,"minecraft:iron_pickaxe":429,"minecraft:spruce_trapdoor":1,"biomesoplenty:toadstool":4,"minecraft:stone_axe":119,"farmersdelight:cooked_bacon":2,"biomesoplenty:fir_door":5,"minecraft:cobblestone":14,"bakery:brick_stove":2,"minecraft:cooked_porkchop":12,"minecraft:bucket":233,"minecraft:pumpkin_pie":1,"alexsmobs:animal_dictionary":1,"biomesoplenty:fir_log":1479,"modernlife:glass_trapdoor":15},"minecraft:killed":{"minecraft:spider":5,"minecraft:skeleton":36,"minecraft:pig":20,"minecraft:salmon":2,"minecraft:creeper":2,"minecraft:sheep":2,"minecraft:pillager":3,"minecraft:zombie":35,"alexsmobs:fly":11,"minecraft:cow":17,"alexsmobs:raccoon":1,"minecraft:slime":3,"alexsmobs:blue_jay":1,"minecraft:drowned":15,"minecraft:husk":4,"minecraft:frog":5,"alexsmobs:catfish":1,"alexsmobs:cockroach":2,"minecraft:enderman":1},"minecraft:killed_by":{"minecraft:creeper":1,"minecraft:vindicator":1,"minecraft:zombie":1,"minecraft:husk":1,"minecraft:player":2,"minecraft:enderman":1,"minecraft:skeleton":8},"minecraft:custom":{"minecraft:interact_with_crafting_table":86,"minecraft:open_barrel":33,"minecraft:eat_cake_slice":11,"minecraft:leave_game":8,"minecraft:time_since_death":9027,"minecraft:sprint_one_cm":981321,"minecraft:damage_blocked_by_shield":2440,"minecraft:drop":117,"minecraft:play_time":644158,"minecraft:deaths":23,"minecraft:jump":8703,"minecraft:walk_on_water_one_cm":130334,"minecraft:interact_with_furnace":139,"minecraft:interact_with_cartography_table":1,"minecraft:interact_with_loom":8,"minecraft:sleep_in_bed":21,"minecraft:damage_dealt":27467,"minecraft:player_kills":2,"minecraft:crouch_one_cm":72616,"minecraft:interact_with_smoker":36,"minecraft:interact_with_anvil":1,"minecraft:mob_kills":172,"minecraft:climb_one_cm":45178,"minecraft:walk_one_cm":1690765,"minecraft:damage_dealt_absorbed":119,"minecraft:sneak_time":24745,"minecraft:walk_under_water_one_cm":97135,"minecraft:boat_one_cm":171990,"minecraft:interact_with_blast_furnace":28,"minecraft:total_world_time":644158,"minecraft:interact_with_stonecutter":16,"minecraft:time_since_rest":9052,"minecraft:cabinet_searched":2,"minecraft:damage_taken":15209,"minecraft:swim_one_cm":268450,"minecraft:fly_one_cm":1471305,"minecraft:open_chest":344,"minecraft:fall_one_cm":280409},"minecraft:picked_up":{"minecraft:iron_chestplate":2,"minecraft:wheat":43,"minecraft:suspicious_stew":1,"minecraft:diamond_sword":1,"aether:iron_gloves":1,"alexscaves:cave_tablet":3,"biomesoplenty:orange_autumn_sapling":1,"bakery:strawberry_seeds":1,"biomesoplenty:rainbow_birch_sapling":1,"biomesoplenty:fir_trapdoor":1,"farmersdelight:cutting_board":2,"minecraft:polished_deepslate":1,"minecraft:string":9,"minecraft:dark_oak_trapdoor":2,"minecraft:raw_copper":4,"minecraft:cooked_salmon":1,"minecraft:iron_leggings":1,"minecraft:red_nether_bricks":2,"biomesoplenty:fir_sign":3,"minecraft:beetroot":8,"minecraft:cobbled_deepslate":8,"biomesoplenty:fir_planks":52,"minecraft:bucket":2,"bakery:brick_stove":1,"minecraft:spruce_planks":39,"minecraft:calcite":20,"minecraft:iron_pickaxe":1,"minecraft:melon_slice":80,"minecraft:smooth_quartz_stairs":1,"minecraft:furnace":5,"minecraft:iron_boots":3,"minecraft:stick":207,"minecraft:torch":54,"minecraft:green_bed":4,"minecraft:spruce_stairs":3,"modernlife:oak_log_ramp":8,"minecraft:porkchop":38,"minecraft:diorite":12,"aether:golden_gloves":1,"bakery:breadbox":1,"minecraft:rotten_flesh":48,"farmersdelight:onion":8,"biomesoplenty:fir_slab":7,"farmersdelight:rope":5,"minecraft:cobblestone":523,"minecraft:birch_log":93,"minecraft:magma_block":3,"bakery:street_sign":2,"minecraft:potato":8,"farmersdelight:bacon":2,"biomesoplenty:fir_sapling":190,"biomesoplenty:fir_log":901,"bakery:baker_station":2,"minecraft:stripped_birch_log":4,"minecraft:mangrove_slab":2,"minecraft:lapis_lazuli":7,"farmersdelight:tomato":4,"minecraft:dirt":570,"bakery:wall_display":9,"minecraft:bone":30,"farmersdelight:iron_knife":3,"minecraft:bow":2,"minecraft:wheat_seeds":149,"minecraft:raw_gold":8,"minecraft:stone_hoe":1,"minecraft:oak_planks":53,"minecraft:honeycomb":1,"biomesoplenty:toadstool":8,"minecraft:cooked_porkchop":1,"modernlife:glass_trapdoor":9,"minecraft:sand":68,"sophisticatedbackpacks:iron_backpack":2,"minecraft:iron_hoe":1,"minecraft:diamond":2,"bakery:brick_counter":7,"minecraft:soul_lantern":1,"minecraft:crossbow":1,"minecraft:granite":7,"minecraft:bone_meal":1,"minecraft:bread":77,"alexsmobs:maggot":11,"biomesoplenty:pink_daffodil":3,"minecraft:oak_sapling":6,"minecraft:bricks":5,"minecraft:crafting_table":14,"minecraft:allium":8,"minecraft:clay_ball":384,"minecraft:chain":1,"gravestone:obituary":1,"minecraft:brick":23,"minecraft:shield":3,"minecraft:cornflower":1,"biomesoplenty:fir_door":5,"minecraft:iron_axe":4,"minecraft:item_frame":3,"minecraft:iron_shovel":3,"minecraft:birch_fence":13,"minecraft:blackstone":2,"minecraft:cyan_carpet":3,"minecraft:cartography_table":1,"minecraft:beef":41,"minecraft:oak_boat":1,"minecraft:player_head":5,"minecraft:poppy":1,"minecraft:spruce_slab":1,"minecraft:sugar_cane":59,"minecraft:chest":28,"minecraft:birch_sapling":35,"minecraft:spruce_trapdoor":1,"minecraft:egg":3,"minecraft:raw_iron":33,"minecraft:stripped_mangrove_wood":4,"minecraft:stone":163,"minecraft:copper_ingot":1,"sophisticatedbackpacks:crafting_upgrade":1,"sophisticatedbackpacks:backpack":3,"farmersdelight:tomato_seeds":11,"minecraft:carrot":107,"modernlife:dark_oak_wall_shelf":13,"minecraft:dark_oak_planks":8,"minecraft:arrow":43,"modernlife:guitar":1,"minecraft:beetroot_seeds":1,"minecraft:golden_hoe":1,"minecraft:peony":1,"minecraft:hay_block":4,"minecraft:stripped_dark_oak_wood":2,"minecraft:pink_tulip":2,"minecraft:gold_ingot":10,"sophisticatedbackpacks:copper_backpack":3,"biomesoplenty:fir_wood":4,"minecraft:mutton":2,"minecraft:white_wool":2,"minecraft:oxeye_daisy":1,"minecraft:tripwire_hook":1,"minecraft:salmon":1,"minecraft:leather":28,"minecraft:mushroom_stew":1,"minecraft:oak_log":64,"minecraft:yellow_glazed_terracotta":1,"farmersdelight:salmon_slice":2,"minecraft:gunpowder":2,"farmersdelight:skillet":3,"minecraft:paper":1,"minecraft:white_banner":1,"biomesoplenty:stripped_fir_log":72,"minecraft:stone_bricks":29,"minecraft:apple":3,"minecraft:gray_carpet":6,"minecraft:kelp":1,"minecraft:iron_ingot":82,"minecraft:dark_oak_stairs":5,"minecraft:book":24,"minecraft:scaffolding":81,"bakery:strawberry":11,"minecraft:dark_oak_slab":7,"minecraft:stone_brick_slab":20,"minecraft:gravel":2,"minecraft:red_banner":1,"minecraft:blast_furnace":12,"minecraft:spruce_log":8,"minecraft:spider_eye":1,"alexsmobs:raw_catfish":3,"biomesoplenty:maple_sapling":14,"minecraft:slime_ball":2,"minecraft:stone_axe":3,"minecraft:chainmail_leggings":1,"minecraft:iron_helmet":2,"minecraft:painting":1,"minecraft:stripped_dark_oak_log":1,"farmersdelight:stove":3,"minecraft:coal":104,"minecraft:sunflower":3},"minecraft:dropped":{"sophisticatedbackpacks:iron_backpack":1,"minecraft:stripped_mangrove_wood":4,"biomesoplenty:pink_daffodil":2,"minecraft:oak_log":23,"mca:bouquet":2,"modernlife:dark_oak_wall_shelf":1,"minecraft:dirt":2,"gravestone:obituary":5,"farmersdelight:onion":2,"minecraft:cyan_carpet":2,"minecraft:bone":1,"minecraft:gravel":1,"minecraft:stone_axe":1,"aether:golden_gloves":1,"minecraft:rotten_flesh":10,"minecraft:oak_planks":1,"minecraft:carrot":8,"minecraft:gunpowder":3,"minecraft:beetroot_seeds":1,"minecraft:red_nether_bricks":2,"minecraft:scaffolding":7,"minecraft:bread":19,"minecraft:wheat_seeds":8,"farmersdelight:skillet":1,"minecraft:iron_helmet":1,"minecraft:apple":1,"minecraft:stick":1,"mca:wedding_ring":2,"farmersdelight:golden_knife":1,"modernlife:guitar":1,"bakery:strawberry_seeds":1,"minecraft:iron_leggings":1,"biomesoplenty:stripped_fir_log":2,"minecraft:iron_axe":2,"minecraft:paper":1,"sophisticatedbackpacks:crafting_upgrade":1,"minecraft:chainmail_leggings":1,"minecraft:iron_shovel":1,"minecraft:string":6,"minecraft:bucket":2,"minecraft:gray_carpet":3,"minecraft:stone_brick_slab":1,"minecraft:kelp":1,"alexsmobs:maggot":5,"minecraft:bowl":1,"minecraft:iron_boots":1,"sophisticatedbackpacks:backpack":2,"modernlife:oak_log_ramp":2,"minecraft:blast_furnace":1,"bakery:street_sign":1,"minecraft:shield":1,"minecraft:spider_eye":1,"minecraft:stone_bricks":1,"minecraft:bow":1,"minecraft:calcite":4},"minecraft:crafted":{"minecraft:brick":281,"minecraft:oak_planks":420,"modernlife:oak_log_ramp":6,"minecraft:stone":122,"minecraft:cooked_mutton":6,"bakery:street_sign":2,"minecraft:glass":26,"minecraft:stone_brick_slab":126,"minecraft:iron_boots":2,"bakery:brick_counter":3,"biomesoplenty:fir_slab":126,"modernlife:dark_oak_wall_shelf":6,"minecraft:chest":29,"alexsmobs:cooked_catfish":3,"minecraft:bricks":59,"minecraft:stone_bricks":49,"farmersdelight:stove":1,"biomesoplenty:fir_wood":9,"modernlife:glass_trapdoor":8,"minecraft:wooden_shovel":1,"minecraft:cooked_porkchop":19,"minecraft:crafting_table":3,"minecraft:spruce_planks":32,"farmersdelight:iron_knife":1,"minecraft:birch_planks":288,"minecraft:campfire":2,"farmersdelight:skillet":1,"biomesoplenty:fir_planks":248,"bakery:brick_stove":1,"farmersdelight:cutting_board":1,"modernlife:deluxe_bed":1,"minecraft:dark_oak_slab":48,"minecraft:iron_chestplate":1,"minecraft:paper":3,"minecraft:shield":3,"bakery:breadbox":1,"minecraft:birch_fence":147,"minecraft:stick":176,"minecraft:iron_ingot":26,"minecraft:iron_pickaxe":2,"minecraft:stone_sword":1,"farmersdelight:cooked_bacon":2,"biomesoplenty:fir_door":3,"bakery:wall_display":2,"minecraft:furnace":5,"mca:bouquet":2,"bakery:baker_station":1,"minecraft:glass_pane":32,"minecraft:iron_axe":7,"minecraft:stone_pickaxe":1,"minecraft:dark_oak_planks":124,"minecraft:wheat":36,"minecraft:cooked_beef":21,"minecraft:sugar":17,"biomesoplenty:dead_planks":128,"minecraft:diamond_sword":1,"minecraft:bucket":3,"minecraft:dark_oak_button":6,"minecraft:stone_axe":1,"minecraft:bread":15,"minecraft:air":0,"minecraft:oak_boat":1,"modernlife:glass_door":4,"minecraft:iron_shovel":1,"minecraft:iron_leggings":2,"minecraft:torch":40,"biomesoplenty:fir_trapdoor":2}},"DataVersion":3465}