{"stats":{"minecraft:mined":{"minecraft:dark_oak_planks":8,"minecraft:red_nether_bricks":2,"minecraft:granite":7,"biomesoplenty:fir_slab":4,"minecraft:grass_block":229,"minecraft:spawner":2,"biomesoplenty:stripped_fir_log":72,"minecraft:tall_seagrass":1,"minecraft:magma_block":10,"minecraft:dark_oak_trapdoor":2,"minecraft:iron_ore":6,"minecraft:cobbled_deepslate":2,"minecraft:deepslate_lapis_ore":1,"minecraft:stripped_dark_oak_wood":2,"minecraft:dark_oak_stairs":5,"minecraft:stripped_mangrove_wood":4,"minecraft:player_head":2,"minecraft:green_bed":4,"minecraft:blackstone":3,"minecraft:soul_lantern":1,"minecraft:powder_snow":1,"minecraft:torch":1,"minecraft:blast_furnace":11,"minecraft:calcite":19,"minecraft:melon":3,"minecraft:white_stained_glass_pane":1,"minecraft:cobblestone":7,"minecraft:sugar_cane":15,"minecraft:oak_planks":8,"minecraft:wall_torch":3,"minecraft:birch_sapling":1,"minecraft:pink_petals":1,"minecraft:chain":1,"biomesoplenty:fir_wood":5,"minecraft:dark_oak_slab":1,"bakery:street_sign":2,"minecraft:birch_log":37,"minecraft:wheat":14,"minecraft:lilac":1,"biomesoplenty:fir_log":421,"minecraft:yellow_glazed_terracotta":1,"minecraft:grass":95,"biomesoplenty:clover":3,"minecraft:oak_log":75,"minecraft:dirt":60,"minecraft:tripwire_hook":1,"minecraft:oak_leaves":8,"minecraft:deepslate":7,"minecraft:light_blue_stained_glass_pane":1,"biomesoplenty:orange_autumn_leaves":2,"minecraft:deepslate_diamond_ore":2,"gravestone:gravestone":21,"biomesoplenty:bush":4,"farmersdelight:tomatoes":3,"biomesoplenty:dead_grass":1,"minecraft:kelp":2,"biomesoplenty:tundra_shrub":1,"minecraft:hay_block":2,"minecraft:furnace":5,"biomesoplenty:toadstool":1,"biomesoplenty:fir_wall_sign":3,"minecraft:peony":1,"minecraft:polished_deepslate":1,"minecraft:bookshelf":9,"minecraft:potatoes":1,"biomesoplenty:high_grass":29,"minecraft:deepslate_iron_ore":17,"minecraft:smooth_quartz_stairs":1,"minecraft:stone":296,"minecraft:scaffolding":10,"minecraft:stripped_dark_oak_log":1,"minecraft:stone_brick_slab":25,"minecraft:crafting_table":12,"minecraft:emerald_ore":1,"bakery:wild_strawberries":9,"modernlife:oak_log_ramp":8,"biomesoplenty:fir_planks":50,"biomesoplenty:high_grass_plant":39,"minecraft:tall_grass":6,"biomesoplenty:sprout":5,"minecraft:deepslate_gold_ore":7,"minecraft:diorite":11,"minecraft:spruce_stairs":3,"farmersdelight:wild_beetroots":1,"minecraft:black_stained_glass":3,"minecraft:purple_bed":1,"biomesoplenty:yellow_autumn_leaves":2,"biomesoplenty:pink_daffodil":5,"minecraft:red_wall_banner":1,"minecraft:mangrove_slab":2,"minecraft:coal_ore":20,"biomesoplenty:fir_leaves":4,"minecraft:gravel":2,"minecraft:sunflower":2,"minecraft:cyan_carpet":1,"minecraft:gray_carpet":3,"minecraft:stone_bricks":24,"minecraft:mossy_stone_bricks":1,"minecraft:gold_ore":1,"minecraft:birch_fence":7,"minecraft:fern":25},"minecraft:killed":{"minecraft:spider":4,"minecraft:skeleton":35,"minecraft:pig":20,"minecraft:creeper":2,"minecraft:sheep":2,"minecraft:pillager":3,"minecraft:zombie":31,"alexsmobs:fly":9,"minecraft:cow":17,"alexsmobs:raccoon":1,"minecraft:slime":3,"alexsmobs:blue_jay":1,"minecraft:drowned":15,"minecraft:husk":4,"minecraft:frog":5,"alexsmobs:catfish":1,"alexsmobs:cockroach":2},"minecraft:broken":{"minecraft:wooden_shovel":1,"minecraft:stone_axe":1,"minecraft:iron_axe":3,"minecraft:iron_pickaxe":1},"minecraft:used":{"minecraft:peony":1,"minecraft:iron_shovel":232,"sophisticatedbackpacks:copper_backpack":1,"minecraft:shield":41,"minecraft:player_head":1,"minecraft:rotten_flesh":1,"minecraft:carrot":10,"biomesoplenty:fir_sapling":35,"minecraft:lantern":1,"minecraft:birch_sapling":10,"minecraft:dark_oak_slab":1,"minecraft:stone_bricks":176,"minecraft:magma_block":1,"minecraft:bow":2,"minecraft:scaffolding":65,"minecraft:furnace":6,"minecraft:oak_sapling":6,"minecraft:dark_oak_stairs":2,"minecraft:diorite":1,"minecraft:stone_pickaxe":100,"minecraft:gray_carpet":3,"minecraft:oak_planks":221,"biomesoplenty:fir_planks":54,"minecraft:sugar_cane":7,"biomesoplenty:rainbow_birch_sapling":1,"minecraft:golden_hoe":15,"bakery:street_sign":3,"minecraft:mushroom_stew":1,"minecraft:blast_furnace":1,"modernlife:oak_log_ramp":6,"minecraft:birch_fence":60,"minecraft:melon_slice":14,"minecraft:bread":105,"modernlife:deluxe_bed":1,"biomesoplenty:stripped_fir_log":70,"minecraft:diamond_sword":123,"biomesoplenty:fir_sign":3,"minecraft:oak_boat":2,"minecraft:stone_sword":166,"minecraft:spruce_planks":1,"minecraft:wooden_shovel":61,"minecraft:cooked_salmon":1,"minecraft:torch":27,"minecraft:dirt":431,"minecraft:spruce_stairs":1,"biomesoplenty:maple_sapling":14,"minecraft:dark_oak_planks":1,"minecraft:stone_brick_slab":170,"alexsmobs:maggot":3,"minecraft:iron_axe":1054,"minecraft:cooked_beef":10,"minecraft:cobbled_deepslate":8,"minecraft:calcite":5,"minecraft:wheat_seeds":13,"minecraft:cooked_mutton":3,"alexsmobs:cooked_catfish":3,"minecraft:water_bucket":151,"minecraft:cartography_table":1,"farmersdelight:golden_knife":1,"biomesoplenty:fir_wood":5,"minecraft:green_bed":2,"farmersdelight:onion":1,"biomesoplenty:fir_slab":14,"minecraft:crafting_table":13,"minecraft:painting":1,"biomesoplenty:orange_autumn_sapling":1,"minecraft:cake":2,"minecraft:oak_log":29,"minecraft:oxeye_daisy":1,"minecraft:sunflower":2,"minecraft:iron_pickaxe":401,"minecraft:spruce_trapdoor":1,"biomesoplenty:toadstool":2,"minecraft:stone_axe":119,"minecraft:cooked_porkchop":11,"minecraft:bucket":153,"minecraft:pumpkin_pie":1,"alexsmobs:animal_dictionary":1,"biomesoplenty:fir_log":1030},"minecraft:dropped":{"minecraft:stripped_mangrove_wood":4,"biomesoplenty:pink_daffodil":2,"minecraft:oak_log":23,"mca:bouquet":2,"minecraft:dirt":2,"gravestone:obituary":5,"farmersdelight:onion":2,"minecraft:cyan_carpet":2,"minecraft:bone":1,"minecraft:gravel":1,"minecraft:stone_axe":1,"aether:golden_gloves":1,"minecraft:rotten_flesh":10,"minecraft:oak_planks":1,"minecraft:gunpowder":3,"minecraft:beetroot_seeds":1,"minecraft:red_nether_bricks":2,"minecraft:scaffolding":7,"minecraft:bread":19,"minecraft:wheat_seeds":8,"minecraft:iron_helmet":1,"minecraft:apple":1,"minecraft:stick":1,"mca:wedding_ring":2,"modernlife:guitar":1,"farmersdelight:golden_knife":1,"bakery:strawberry_seeds":1,"biomesoplenty:stripped_fir_log":2,"minecraft:iron_axe":2,"minecraft:chainmail_leggings":1,"minecraft:string":6,"minecraft:bucket":2,"minecraft:gray_carpet":3,"minecraft:stone_brick_slab":1,"minecraft:kelp":1,"alexsmobs:maggot":4,"minecraft:bowl":1,"minecraft:iron_boots":1,"sophisticatedbackpacks:backpack":1,"modernlife:oak_log_ramp":2,"minecraft:blast_furnace":1,"bakery:street_sign":1,"minecraft:shield":1,"minecraft:stone_bricks":1,"minecraft:spider_eye":1,"minecraft:bow":1,"minecraft:calcite":4},"minecraft:killed_by":{"minecraft:creeper":1,"minecraft:vindicator":1,"minecraft:zombie":1,"minecraft:husk":1,"minecraft:player":2,"minecraft:enderman":1,"minecraft:skeleton":8},"minecraft:custom":{"minecraft:interact_with_crafting_table":62,"minecraft:open_barrel":33,"minecraft:eat_cake_slice":11,"minecraft:leave_game":7,"minecraft:time_since_death":8244,"minecraft:sprint_one_cm":742323,"minecraft:damage_blocked_by_shield":2440,"minecraft:drop":100,"minecraft:play_time":479322,"minecraft:deaths":22,"minecraft:jump":7330,"minecraft:walk_on_water_one_cm":101653,"minecraft:interact_with_furnace":63,"minecraft:interact_with_cartography_table":1,"minecraft:interact_with_loom":2,"minecraft:sleep_in_bed":14,"minecraft:damage_dealt":26243,"minecraft:player_kills":2,"minecraft:crouch_one_cm":55073,"minecraft:interact_with_smoker":23,"minecraft:mob_kills":161,"minecraft:interact_with_anvil":1,"minecraft:climb_one_cm":43782,"minecraft:walk_one_cm":1358318,"minecraft:damage_dealt_absorbed":119,"minecraft:sneak_time":18290,"minecraft:walk_under_water_one_cm":64658,"minecraft:boat_one_cm":171990,"minecraft:interact_with_blast_furnace":21,"minecraft:total_world_time":479322,"minecraft:interact_with_stonecutter":9,"minecraft:cabinet_searched":2,"minecraft:time_since_rest":8273,"minecraft:damage_taken":13651,"minecraft:swim_one_cm":179711,"minecraft:fly_one_cm":1232532,"minecraft:open_chest":220,"minecraft:fall_one_cm":241883},"minecraft:picked_up":{"minecraft:iron_chestplate":2,"minecraft:wheat":11,"minecraft:suspicious_stew":1,"minecraft:diamond_sword":1,"aether:iron_gloves":1,"biomesoplenty:orange_autumn_sapling":1,"bakery:strawberry_seeds":1,"biomesoplenty:rainbow_birch_sapling":1,"minecraft:polished_deepslate":1,"minecraft:raw_copper":4,"minecraft:string":8,"minecraft:dark_oak_trapdoor":2,"minecraft:cooked_salmon":1,"minecraft:iron_leggings":1,"minecraft:red_nether_bricks":2,"biomesoplenty:fir_sign":3,"minecraft:beetroot":8,"minecraft:cobbled_deepslate":8,"minecraft:bucket":2,"biomesoplenty:fir_planks":48,"minecraft:spruce_planks":39,"minecraft:calcite":20,"minecraft:iron_pickaxe":1,"minecraft:melon_slice":80,"minecraft:smooth_quartz_stairs":1,"minecraft:furnace":5,"minecraft:iron_boots":3,"minecraft:stick":99,"minecraft:green_bed":4,"minecraft:torch":49,"minecraft:spruce_stairs":3,"modernlife:oak_log_ramp":8,"minecraft:porkchop":37,"aether:golden_gloves":1,"minecraft:diorite":12,"minecraft:rotten_flesh":44,"biomesoplenty:fir_slab":7,"minecraft:cobblestone":385,"minecraft:birch_log":37,"minecraft:magma_block":2,"bakery:street_sign":2,"minecraft:potato":4,"biomesoplenty:fir_sapling":35,"biomesoplenty:fir_log":345,"farmersdelight:tomato":4,"minecraft:lapis_lazuli":7,"minecraft:mangrove_slab":2,"minecraft:dirt":550,"minecraft:bone":28,"farmersdelight:iron_knife":1,"minecraft:bow":2,"minecraft:wheat_seeds":56,"minecraft:raw_gold":8,"minecraft:oak_planks":9,"minecraft:honeycomb":1,"biomesoplenty:toadstool":2,"minecraft:cooked_porkchop":1,"minecraft:iron_hoe":1,"minecraft:diamond":2,"minecraft:soul_lantern":1,"minecraft:crossbow":1,"minecraft:granite":7,"minecraft:bread":69,"alexsmobs:maggot":7,"biomesoplenty:pink_daffodil":3,"minecraft:oak_sapling":6,"minecraft:crafting_table":14,"gravestone:obituary":1,"minecraft:chain":1,"minecraft:shield":3,"minecraft:iron_axe":3,"minecraft:item_frame":3,"minecraft:iron_shovel":2,"minecraft:birch_fence":7,"minecraft:blackstone":1,"minecraft:cyan_carpet":3,"minecraft:cartography_table":1,"minecraft:beef":41,"minecraft:oak_boat":1,"minecraft:player_head":4,"minecraft:spruce_slab":1,"minecraft:sugar_cane":21,"minecraft:birch_sapling":10,"minecraft:spruce_trapdoor":1,"minecraft:raw_iron":33,"minecraft:stripped_mangrove_wood":4,"minecraft:stone":119,"minecraft:copper_ingot":1,"sophisticatedbackpacks:backpack":3,"farmersdelight:tomato_seeds":3,"minecraft:carrot":93,"minecraft:dark_oak_planks":6,"minecraft:arrow":40,"modernlife:guitar":1,"minecraft:beetroot_seeds":1,"minecraft:peony":1,"minecraft:golden_hoe":1,"minecraft:hay_block":4,"minecraft:pink_tulip":2,"minecraft:stripped_dark_oak_wood":2,"minecraft:gold_ingot":10,"sophisticatedbackpacks:copper_backpack":3,"biomesoplenty:fir_wood":4,"minecraft:mutton":2,"minecraft:white_wool":2,"minecraft:oxeye_daisy":1,"minecraft:tripwire_hook":1,"minecraft:leather":21,"minecraft:mushroom_stew":1,"minecraft:oak_log":64,"minecraft:yellow_glazed_terracotta":1,"minecraft:gunpowder":2,"minecraft:white_banner":1,"biomesoplenty:stripped_fir_log":72,"minecraft:stone_bricks":20,"minecraft:apple":3,"minecraft:gray_carpet":6,"minecraft:kelp":1,"minecraft:iron_ingot":82,"minecraft:dark_oak_stairs":5,"minecraft:scaffolding":77,"minecraft:book":24,"bakery:strawberry":6,"minecraft:dark_oak_slab":2,"minecraft:stone_brick_slab":20,"minecraft:gravel":2,"minecraft:red_banner":1,"minecraft:blast_furnace":12,"minecraft:spruce_log":8,"minecraft:spider_eye":1,"alexsmobs:raw_catfish":3,"biomesoplenty:maple_sapling":14,"minecraft:slime_ball":2,"minecraft:stone_axe":3,"minecraft:chainmail_leggings":1,"minecraft:iron_helmet":2,"minecraft:painting":1,"minecraft:stripped_dark_oak_log":1,"minecraft:coal":98,"minecraft:sunflower":3},"minecraft:crafted":{"minecraft:oak_planks":420,"modernlife:oak_log_ramp":6,"minecraft:stone":92,"minecraft:cooked_mutton":6,"bakery:street_sign":2,"minecraft:stone_brick_slab":108,"minecraft:iron_boots":2,"biomesoplenty:fir_slab":126,"alexsmobs:cooked_catfish":3,"minecraft:stone_bricks":5,"biomesoplenty:fir_wood":9,"minecraft:wooden_shovel":1,"minecraft:cooked_porkchop":19,"minecraft:crafting_table":3,"minecraft:spruce_planks":32,"minecraft:birch_planks":196,"biomesoplenty:fir_planks":168,"modernlife:deluxe_bed":1,"minecraft:iron_chestplate":1,"minecraft:paper":3,"minecraft:shield":3,"minecraft:birch_fence":147,"minecraft:stick":144,"minecraft:iron_ingot":14,"minecraft:iron_pickaxe":2,"minecraft:stone_sword":1,"minecraft:furnace":2,"mca:bouquet":2,"minecraft:iron_axe":5,"minecraft:stone_pickaxe":1,"minecraft:dark_oak_planks":64,"minecraft:wheat":36,"minecraft:cooked_beef":10,"minecraft:diamond_sword":1,"minecraft:bucket":2,"minecraft:stone_axe":1,"minecraft:bread":15,"minecraft:air":0,"minecraft:oak_boat":1,"minecraft:iron_shovel":1,"minecraft:iron_leggings":1,"minecraft:torch":40}},"DataVersion":3465}