{"stats":{"minecraft:crafted":{"minecraft:oak_planks":48,"minecraft:stone_axe":1,"minecraft:stick":4,"minecraft:stone_pickaxe":1,"minecraft:torch":12},"minecraft:killed_by":{"minecraft:vindicator":1},"minecraft:mined":{"minecraft:light_blue_stained_glass_pane":1,"biomesoplenty:orange_autumn_leaves":2,"minecraft:powder_snow":1,"minecraft:crafting_table":1,"gravestone:gravestone":1,"minecraft:blast_furnace":1,"bakery:wild_strawberries":1,"minecraft:grass_block":2,"minecraft:white_stained_glass_pane":1,"biomesoplenty:sprout":3,"biomesoplenty:dead_grass":1,"biomesoplenty:tundra_shrub":1,"biomesoplenty:toadstool":1,"biomesoplenty:yellow_autumn_leaves":2,"minecraft:grass":5,"minecraft:oak_log":12,"minecraft:sunflower":2,"minecraft:gravel":1,"minecraft:oak_leaves":8,"minecraft:green_bed":1},"minecraft:dropped":{"minecraft:gravel":1,"minecraft:bread":5,"minecraft:stone_axe":1,"minecraft:rotten_flesh":2,"minecraft:blast_furnace":1,"minecraft:gunpowder":2,"bakery:strawberry_seeds":1,"minecraft:spider_eye":1,"minecraft:string":3},"minecraft:killed":{"minecraft:pig":3,"alexsmobs:raccoon":1,"minecraft:spider":1,"minecraft:creeper":1,"alexsmobs:blue_jay":1,"minecraft:zombie":3,"minecraft:cow":5},"minecraft:picked_up":{"minecraft:crafting_table":1,"minecraft:leather":6,"biomesoplenty:orange_autumn_sapling":1,"bakery:strawberry_seeds":1,"minecraft:oak_log":12,"biomesoplenty:rainbow_birch_sapling":1,"minecraft:gunpowder":2,"minecraft:dirt":3,"minecraft:string":3,"minecraft:apple":3,"minecraft:wheat_seeds":2,"minecraft:beef":9,"minecraft:sugar_cane":4,"minecraft:honeycomb":1,"minecraft:stick":8,"minecraft:green_bed":1,"minecraft:gravel":1,"minecraft:porkchop":8,"minecraft:blast_furnace":2,"minecraft:spider_eye":1,"biomesoplenty:maple_sapling":2,"minecraft:rotten_flesh":4,"minecraft:stone_axe":1,"minecraft:bread":33,"minecraft:oak_sapling":6,"minecraft:cobblestone":31,"minecraft:sunflower":2},"minecraft:used":{"minecraft:stone_pickaxe":1,"minecraft:oak_planks":25,"farmersdelight:golden_knife":1,"minecraft:dirt":3,"biomesoplenty:orange_autumn_sapling":1,"biomesoplenty:maple_sapling":2,"minecraft:sunflower":2,"minecraft:bread":21,"minecraft:stone_axe":64,"minecraft:oak_sapling":6,"minecraft:pumpkin_pie":1,"alexsmobs:animal_dictionary":1},"minecraft:custom":{"minecraft:interact_with_furnace":1,"minecraft:mob_kills":15,"minecraft:interact_with_crafting_table":2,"minecraft:open_barrel":1,"minecraft:eat_cake_slice":1,"minecraft:leave_game":2,"minecraft:time_since_death":47927,"minecraft:sleep_in_bed":2,"minecraft:climb_one_cm":962,"minecraft:time_since_rest":7275,"minecraft:sprint_one_cm":162555,"minecraft:damage_taken":886,"minecraft:walk_one_cm":169394,"minecraft:drop":14,"minecraft:damage_dealt":2394,"minecraft:swim_one_cm":19601,"minecraft:fly_one_cm":366417,"minecraft:open_chest":27,"minecraft:crouch_one_cm":1948,"minecraft:play_time":56636,"minecraft:deaths":1,"minecraft:sneak_time":1338,"minecraft:walk_under_water_one_cm":1118,"minecraft:jump":1701,"minecraft:interact_with_blast_furnace":3,"minecraft:walk_on_water_one_cm":7647,"minecraft:total_world_time":56636,"minecraft:fall_one_cm":51698}},"DataVersion":3465}