{"stats":{"minecraft:dropped":{"minecraft:gravel":1,"minecraft:bread":8,"minecraft:stone_axe":1,"alexsmobs:maggot":2,"minecraft:kelp":1,"minecraft:wheat_seeds":4,"minecraft:oak_log":23,"aether:golden_gloves":1,"minecraft:iron_helmet":1,"minecraft:rotten_flesh":10,"minecraft:apple":1,"minecraft:blast_furnace":1,"minecraft:stick":1,"minecraft:dirt":1,"farmersdelight:golden_knife":1,"minecraft:gunpowder":2,"bakery:strawberry_seeds":1,"minecraft:beetroot_seeds":1,"farmersdelight:onion":2,"minecraft:spider_eye":1,"biomesoplenty:stripped_fir_log":2,"minecraft:iron_axe":1,"minecraft:string":3,"minecraft:bucket":1},"minecraft:used":{"minecraft:water_bucket":66,"minecraft:iron_shovel":138,"minecraft:stone_pickaxe":2,"minecraft:oak_planks":25,"farmersdelight:golden_knife":1,"biomesoplenty:fir_planks":4,"minecraft:wooden_shovel":61,"minecraft:green_bed":2,"biomesoplenty:rainbow_birch_sapling":1,"minecraft:dirt":280,"biomesoplenty:fir_slab":14,"minecraft:crafting_table":4,"minecraft:blast_furnace":1,"biomesoplenty:orange_autumn_sapling":1,"minecraft:cake":1,"biomesoplenty:maple_sapling":14,"minecraft:oak_log":27,"minecraft:dark_oak_planks":1,"alexsmobs:maggot":2,"minecraft:iron_axe":486,"minecraft:sunflower":2,"minecraft:bread":42,"biomesoplenty:fir_sapling":35,"biomesoplenty:stripped_fir_log":1,"biomesoplenty:toadstool":2,"minecraft:stone_axe":103,"minecraft:scaffolding":38,"minecraft:oak_sapling":6,"minecraft:bucket":67,"minecraft:oak_boat":2,"minecraft:pumpkin_pie":1,"alexsmobs:animal_dictionary":1,"biomesoplenty:fir_log":355},"minecraft:crafted":{"minecraft:oak_planks":48,"minecraft:wooden_shovel":1,"minecraft:bucket":1,"minecraft:stone_axe":1,"biomesoplenty:fir_planks":80,"minecraft:oak_boat":1,"minecraft:iron_axe":2,"biomesoplenty:fir_slab":126,"minecraft:stick":8,"minecraft:stone_pickaxe":1,"minecraft:iron_shovel":1,"minecraft:torch":12},"minecraft:picked_up":{"minecraft:crafting_table":4,"minecraft:leather":6,"biomesoplenty:orange_autumn_sapling":1,"biomesoplenty:fir_sapling":35,"biomesoplenty:fir_log":272,"bakery:strawberry_seeds":1,"minecraft:oak_log":62,"minecraft:gunpowder":2,"biomesoplenty:rainbow_birch_sapling":1,"minecraft:dirt":361,"minecraft:string":3,"minecraft:iron_axe":1,"biomesoplenty:stripped_fir_log":3,"minecraft:apple":3,"minecraft:kelp":1,"minecraft:wheat_seeds":11,"biomesoplenty:fir_planks":2,"minecraft:bucket":1,"minecraft:iron_ingot":4,"minecraft:beef":9,"minecraft:oak_boat":1,"minecraft:player_head":1,"minecraft:sugar_cane":4,"minecraft:honeycomb":1,"biomesoplenty:toadstool":2,"minecraft:scaffolding":44,"minecraft:stick":28,"minecraft:copper_ingot":1,"minecraft:green_bed":2,"minecraft:gravel":1,"minecraft:porkchop":8,"minecraft:blast_furnace":2,"minecraft:spider_eye":1,"biomesoplenty:maple_sapling":14,"minecraft:rotten_flesh":12,"minecraft:stone_axe":1,"minecraft:beetroot_seeds":1,"minecraft:iron_helmet":1,"minecraft:pink_tulip":1,"biomesoplenty:fir_slab":7,"minecraft:bread":36,"sophisticatedbackpacks:copper_backpack":1,"alexsmobs:maggot":4,"minecraft:oak_sapling":6,"minecraft:cobblestone":31,"minecraft:sunflower":3},"minecraft:killed":{"minecraft:pig":3,"alexsmobs:raccoon":1,"minecraft:spider":1,"minecraft:creeper":1,"minecraft:zombie":4,"alexsmobs:blue_jay":1,"alexsmobs:fly":4,"minecraft:drowned":15,"minecraft:cow":5},"minecraft:broken":{"minecraft:wooden_shovel":1,"minecraft:iron_axe":2,"minecraft:stone_axe":1},"minecraft:killed_by":{"minecraft:vindicator":1},"minecraft:mined":{"minecraft:light_blue_stained_glass_pane":1,"biomesoplenty:orange_autumn_leaves":2,"minecraft:scaffolding":7,"minecraft:powder_snow":1,"minecraft:crafting_table":4,"gravestone:gravestone":1,"minecraft:blast_furnace":1,"biomesoplenty:fir_slab":4,"bakery:wild_strawberries":1,"minecraft:grass_block":148,"minecraft:white_stained_glass_pane":1,"biomesoplenty:sprout":5,"biomesoplenty:dead_grass":1,"minecraft:kelp":2,"biomesoplenty:tundra_shrub":1,"farmersdelight:wild_beetroots":1,"biomesoplenty:stripped_fir_log":2,"minecraft:tall_seagrass":1,"biomesoplenty:toadstool":1,"biomesoplenty:yellow_autumn_leaves":2,"biomesoplenty:pink_daffodil":1,"biomesoplenty:fir_log":349,"minecraft:grass":44,"biomesoplenty:clover":3,"minecraft:oak_log":74,"biomesoplenty:fir_leaves":3,"minecraft:sunflower":2,"minecraft:gravel":1,"minecraft:dirt":45,"minecraft:mossy_stone_bricks":1,"minecraft:oak_leaves":8,"minecraft:green_bed":2,"minecraft:fern":15},"minecraft:custom":{"minecraft:interact_with_furnace":1,"minecraft:mob_kills":35,"minecraft:interact_with_crafting_table":14,"minecraft:open_barrel":1,"minecraft:eat_cake_slice":3,"minecraft:leave_game":4,"minecraft:time_since_death":119639,"minecraft:sleep_in_bed":6,"minecraft:climb_one_cm":10650,"minecraft:time_since_rest":4620,"minecraft:sprint_one_cm":305422,"minecraft:damage_taken":1687,"minecraft:walk_one_cm":384866,"minecraft:drop":46,"minecraft:damage_dealt":5634,"minecraft:damage_dealt_absorbed":80,"minecraft:swim_one_cm":60710,"minecraft:fly_one_cm":602872,"minecraft:play_time":128348,"minecraft:open_chest":57,"minecraft:crouch_one_cm":7315,"minecraft:sneak_time":3748,"minecraft:deaths":1,"minecraft:walk_under_water_one_cm":20587,"minecraft:boat_one_cm":171990,"minecraft:jump":3122,"minecraft:interact_with_blast_furnace":4,"minecraft:walk_on_water_one_cm":37685,"minecraft:total_world_time":128348,"minecraft:fall_one_cm":95316}},"DataVersion":3465}