{"stats":{"minecraft:dropped":{"biomesoplenty:fir_log":603,"minecraft:bread":65,"farmersdelight:iron_knife":1,"minecraft:wheat_seeds":5,"minecraft:diamond":1,"minecraft:crafting_table":1,"minecraft:dark_oak_sapling":3,"minecraft:cobblestone":31,"minecraft:saddle":2,"minecraft:coal":12,"biomesoplenty:fir_sapling":99,"minecraft:stick":118,"minecraft:dirt":2,"minecraft:torch":50,"minecraft:snowball":17,"minecraft:potion":1,"gravestone:obituary":1,"minecraft:iron_pickaxe":1,"minecraft:iron_shovel":1,"minecraft:spruce_sapling":4,"minecraft:bone":2,"minecraft:stone_axe":1,"alexsmobs:maggot":1,"minecraft:stone_sword":1,"aether:golden_gloves":2,"minecraft:wheat":64,"biomesoplenty:rainbow_birch_sapling":1,"minecraft:rotten_flesh":1,"aether:iron_gloves":2,"minecraft:spruce_planks":10,"minecraft:leather_leggings":1,"minecraft:arrow":2,"minecraft:stone_pickaxe":2,"minecraft:scaffolding":11},"minecraft:used":{"minecraft:stone_sword":29,"minecraft:iron_shovel":609,"minecraft:stone_shovel":25,"minecraft:chest":2,"minecraft:spruce_planks":81,"minecraft:shield":1,"minecraft:iron_sword":94,"vanillaplustools:stone_hammer":202,"farmersdelight:mutton_chops":4,"minecraft:torch":24,"minecraft:dirt":720,"minecraft:mutton":3,"minecraft:anvil":1,"minecraft:spruce_stairs":1,"minecraft:wooden_axe":57,"alexsmobs:maggot":2,"minecraft:stone_bricks":33,"minecraft:oak_sapling":1,"minecraft:cooked_beef":4,"minecraft:stone_pickaxe":25,"minecraft:oak_planks":52,"minecraft:wooden_pickaxe":48,"biomesoplenty:fir_planks":1,"minecraft:cracked_stone_bricks":1,"minecraft:sand":248,"minecraft:crafting_table":8,"minecraft:blast_furnace":1,"minecraft:mushroom_stew":5,"vanillaplustools:stone_shovel":133,"minecraft:white_bed":10,"minecraft:cake":2,"minecraft:apple":11,"minecraft:bread":64,"minecraft:iron_pickaxe":109,"modernlife:oak_chair":4,"minecraft:stone_axe":80,"minecraft:cobblestone":37,"minecraft:potion":1,"minecraft:grindstone":1,"minecraft:pumpkin_pie":4,"minecraft:oak_boat":1,"biomesoplenty:fir_log":21,"minecraft:bone_meal":12},"minecraft:crafted":{"minecraft:oak_planks":132,"minecraft:stone_shovel":11,"vanillaplustools:stone_hammer":1,"minecraft:bone_meal":12,"minecraft:spruce_stairs":8,"minecraft:stone_pickaxe":10,"minecraft:chest":2,"vanillaplustools:stone_shovel":1,"minecraft:wheat":90,"minecraft:cooked_beef":8,"minecraft:crafting_table":6,"minecraft:spruce_planks":156,"minecraft:wooden_pickaxe":1,"modernlife:oak_chair":2,"minecraft:stone_axe":1,"minecraft:air":0,"minecraft:oak_boat":1,"minecraft:shield":1,"minecraft:stick":56,"minecraft:wooden_axe":1,"minecraft:stone_sword":1,"minecraft:iron_shovel":1,"minecraft:white_bed":4,"minecraft:torch":16,"minecraft:shears":1},"minecraft:picked_up":{"minecraft:crafting_table":2,"minecraft:anvil":1,"minecraft:leather_leggings":1,"aether:iron_gloves":1,"minecraft:potion":1,"biomesoplenty:rainbow_birch_sapling":6,"minecraft:blackstone":4,"minecraft:cracked_stone_bricks":1,"minecraft:cobbled_deepslate":38,"biomesoplenty:fir_planks":1,"minecraft:spruce_planks":2,"natural_disasters:molten_rock":1,"modernlife:oak_chair":2,"minecraft:coal_block":3,"minecraft:stick":16,"minecraft:raw_iron":22,"minecraft:torch":10,"minecraft:porkchop":2,"minecraft:diorite":15,"aether:golden_gloves":1,"minecraft:arrow":3,"minecraft:rotten_flesh":3,"minecraft:hay_block":10,"minecraft:mutton":9,"minecraft:cobblestone":1118,"minecraft:white_wool":12,"minecraft:birch_log":7,"minecraft:cooked_beef":3,"minecraft:basalt":1,"minecraft:tripwire_hook":1,"minecraft:andesite":102,"minecraft:leather":2,"biomesoplenty:fir_log":213,"minecraft:oak_log":44,"minecraft:gunpowder":1,"minecraft:lapis_lazuli":14,"minecraft:dirt":1067,"minecraft:bone":6,"minecraft:apple":1,"minecraft:stone_bricks":33,"minecraft:wheat_seeds":41,"minecraft:raw_gold":8,"minecraft:stone_pickaxe":1,"minecraft:grindstone":1,"minecraft:oak_planks":3,"biomesoplenty:toadstool":1,"minecraft:sand":303,"minecraft:spruce_sapling":4,"minecraft:blast_furnace":1,"minecraft:white_bed":6,"minecraft:spruce_log":39,"minecraft:dark_prismarine":2,"biomesoplenty:maple_sapling":17,"minecraft:diamond":1,"minecraft:granite":129,"alexsmobs:maggot":3,"minecraft:oak_sapling":1,"minecraft:coal":27},"minecraft:killed":{"minecraft:spider":2,"minecraft:skeleton":4,"alexsmobs:banana_slug":1,"minecraft:drowned":1,"minecraft:pig":2,"minecraft:creeper":1,"minecraft:sheep":6,"minecraft:zombie":5,"alexsmobs:fly":1,"minecraft:cow":2},"minecraft:killed_by":{"minecraft:skeleton":2},"minecraft:broken":{"minecraft:iron_shovel":1,"natural_disasters:molten_rock":1,"vanillaplustools:stone_shovel":1,"minecraft:wooden_axe":1},"minecraft:mined":{"minecraft:dark_prismarine":6,"minecraft:spruce_planks":1,"minecraft:white_bed":7,"natural_disasters:molten_pebble":1,"minecraft:deepslate_diamond_ore":1,"minecraft:red_nether_bricks":1,"gravestone:gravestone":4,"minecraft:granite":135,"biomesoplenty:bush":1,"minecraft:grass_block":466,"minecraft:jungle_planks":3,"minecraft:coal_block":3,"minecraft:rooted_dirt":2,"minecraft:spawner":1,"minecraft:hay_block":15,"minecraft:tall_seagrass":1,"biomesoplenty:toadstool":2,"minecraft:iron_ore":14,"minecraft:andesite":103,"minecraft:deepslate_lapis_ore":2,"minecraft:anvil":1,"biomesoplenty:rainbow_birch_leaves":3,"minecraft:deepslate_iron_ore":8,"minecraft:stone":1147,"minecraft:blackstone":12,"minecraft:basalt":4,"minecraft:powder_snow":22,"minecraft:crafting_table":2,"minecraft:torch":3,"minecraft:blast_furnace":1,"biomesoplenty:fir_planks":1,"modernlife:oak_chair":2,"minecraft:tall_grass":4,"minecraft:cobblestone":4,"minecraft:deepslate_gold_ore":8,"minecraft:grindstone":1,"minecraft:sugar_cane":1,"minecraft:oak_planks":3,"minecraft:diorite":15,"minecraft:wall_torch":3,"minecraft:cyan_wool":1,"minecraft:birch_log":6,"minecraft:spruce_log":45,"biomesoplenty:fir_log":1,"minecraft:grass":294,"minecraft:oak_log":48,"minecraft:coal_ore":27,"biomesoplenty:fir_leaves":3,"minecraft:sand":326,"minecraft:dirt":566,"minecraft:cracked_stone_bricks":1,"minecraft:tripwire_hook":1,"minecraft:stone_bricks":35,"minecraft:oak_leaves":3,"minecraft:deepslate":36,"minecraft:fern":39},"minecraft:custom":{"minecraft:interact_with_smithing_table":1,"minecraft:interact_with_anvil":2,"minecraft:mob_kills":26,"minecraft:interact_with_crafting_table":20,"minecraft:open_barrel":22,"minecraft:damage_dealt_resisted":138,"minecraft:eat_cake_slice":4,"minecraft:leave_game":16,"minecraft:time_since_death":36067,"minecraft:sprint_one_cm":618536,"minecraft:walk_one_cm":510454,"minecraft:damage_blocked_by_shield":40,"minecraft:drop":79,"minecraft:play_time":273313,"minecraft:sneak_time":4253,"minecraft:deaths":3,"minecraft:walk_under_water_one_cm":11083,"minecraft:boat_one_cm":13185,"minecraft:jump":5271,"minecraft:interact_with_blast_furnace":4,"minecraft:walk_on_water_one_cm":26693,"minecraft:total_world_time":273313,"minecraft:interact_with_furnace":9,"minecraft:interact_with_stonecutter":1,"minecraft:sleep_in_bed":18,"minecraft:time_since_rest":4620,"minecraft:damage_taken":5520,"minecraft:damage_dealt":4262,"minecraft:swim_one_cm":47535,"minecraft:fly_one_cm":1173740,"minecraft:player_kills":1,"minecraft:open_chest":80,"minecraft:crouch_one_cm":13040,"minecraft:fall_one_cm":169288,"minecraft:horse_one_cm":541}},"DataVersion":3465}