{"stats":{"minecraft:mined":{"minecraft:dark_oak_planks":3,"minecraft:spruce_planks":1,"minecraft:white_bed":7,"natural_disasters:molten_pebble":1,"minecraft:red_nether_bricks":1,"minecraft:spruce_trapdoor":1,"minecraft:granite":267,"minecraft:grass_block":1464,"minecraft:stone_brick_wall":60,"minecraft:coal_block":3,"minecraft:oxeye_daisy":1,"minecraft:spawner":1,"minecraft:tall_seagrass":1,"minecraft:magma_block":2,"minecraft:iron_ore":120,"minecraft:fletching_table":4,"minecraft:deepslate_lapis_ore":2,"minecraft:anvil":1,"minecraft:azure_bluet":2,"minecraft:dark_oak_stairs":3,"minecraft:blackstone":13,"minecraft:powder_snow":22,"minecraft:torch":7,"minecraft:blast_furnace":2,"minecraft:cobblestone":13,"minecraft:sugar_cane":1,"minecraft:grindstone":2,"minecraft:oak_planks":3,"minecraft:wall_torch":4,"mca:cross_headstone":1,"minecraft:cyan_wool":1,"minecraft:birch_log":10,"minecraft:lilac":1,"biomesoplenty:fir_log":185,"minecraft:grass":667,"minecraft:oak_log":110,"minecraft:dark_oak_sapling":9,"minecraft:sand":661,"minecraft:dirt":2066,"minecraft:tripwire_hook":1,"minecraft:oak_leaves":116,"minecraft:deepslate":196,"minecraft:dark_prismarine":6,"minecraft:tuff":6,"minecraft:deepslate_diamond_ore":9,"farmersdelight:wild_carrots":7,"gravestone:gravestone":8,"biomesoplenty:bush":2,"minecraft:jungle_planks":3,"minecraft:acacia_slab":2,"minecraft:cartography_table":1,"minecraft:rooted_dirt":7,"minecraft:hay_block":15,"minecraft:redstone_ore":4,"biomesoplenty:toadstool":12,"biomesoplenty:icy_iris":2,"minecraft:andesite":112,"minecraft:bookshelf":3,"biomesoplenty:rainbow_birch_leaves":102,"minecraft:deepslate_iron_ore":43,"minecraft:lantern":39,"minecraft:stone":2738,"minecraft:basalt":4,"minecraft:dandelion":10,"minecraft:crafting_table":2,"minecraft:cornflower":1,"biomesoplenty:fir_planks":1,"minecraft:lectern":3,"modernlife:oak_chair":2,"minecraft:tall_grass":5,"minecraft:copper_ore":32,"minecraft:lapis_ore":4,"biomesoplenty:sprout":4,"minecraft:deepslate_gold_ore":22,"minecraft:diorite":20,"minecraft:spruce_stairs":2,"minecraft:coarse_dirt":2,"minecraft:spruce_log":219,"minecraft:coal_ore":135,"biomesoplenty:fir_leaves":6,"minecraft:gravel":28,"minecraft:cracked_stone_bricks":1,"minecraft:stone_bricks":35,"minecraft:gold_ore":2,"minecraft:fern":162},"minecraft:killed":{"minecraft:spider":9,"minecraft:skeleton":14,"alexsmobs:banana_slug":1,"minecraft:pig":2,"minecraft:creeper":1,"minecraft:sheep":6,"minecraft:zombie":28,"mca:male_villager":1,"alexsmobs:fly":1,"minecraft:cow":2,"minecraft:drowned":1,"minecraft:enderman":1},"minecraft:broken":{"minecraft:iron_shovel":1,"minecraft:iron_sword":1,"minecraft:wooden_axe":1,"vanillaplustools:stone_hammer":1,"minecraft:iron_pickaxe":1,"minecraft:iron_helmet":1,"natural_disasters:molten_rock":1,"vanillaplustools:stone_shovel":1},"minecraft:used":{"minecraft:iron_shovel":733,"modernlife:seed_spreader":1,"minecraft:chest":2,"minecraft:shield":12,"minecraft:stone":50,"minecraft:iron_sword":265,"farmersdelight:mutton_chops":4,"minecraft:mutton":3,"biomesoplenty:rainbow_birch_leaves":52,"vanillaplustools:iron_shovel":464,"minecraft:lantern":4,"minecraft:grass_block":224,"minecraft:stone_bricks":33,"minecraft:bow":65,"minecraft:oak_sapling":1,"minecraft:potato":1,"minecraft:dark_oak_sapling":9,"minecraft:stone_pickaxe":25,"minecraft:oak_planks":52,"minecraft:wooden_pickaxe":56,"biomesoplenty:fir_planks":1,"biomesoplenty:fir_boat":1,"minecraft:oak_leaves":75,"minecraft:sand":409,"minecraft:mushroom_stew":5,"minecraft:blast_furnace":2,"modernlife:oak_log_ramp":2,"minecraft:stone_brick_wall":277,"minecraft:shears":208,"minecraft:firework_rocket":1,"minecraft:bread":129,"minecraft:lectern":3,"minecraft:grindstone":2,"minecraft:andesite":9,"minecraft:oak_boat":1,"minecraft:coarse_dirt":1,"minecraft:bone_meal":27,"minecraft:stone_sword":29,"minecraft:stone_shovel":92,"minecraft:spruce_planks":82,"vanillaplustools:stone_hammer":245,"minecraft:torch":63,"minecraft:dirt":2224,"minecraft:anvil":2,"minecraft:spruce_stairs":1,"minecraft:iron_hoe":65,"minecraft:wooden_axe":57,"alexsmobs:maggot":2,"minecraft:iron_axe":554,"minecraft:cooked_beef":11,"minecraft:cobbled_deepslate":29,"minecraft:enchanted_golden_apple":1,"minecraft:water_bucket":10,"minecraft:fletching_table":4,"minecraft:cracked_stone_bricks":1,"minecraft:crafting_table":10,"vanillaplustools:stone_shovel":212,"minecraft:white_bed":10,"minecraft:cake":2,"minecraft:spruce_log":1,"minecraft:oak_log":49,"minecraft:diamond_pickaxe":463,"minecraft:apple":11,"minecraft:iron_pickaxe":371,"modernlife:oak_chair":4,"biomesoplenty:toadstool":5,"minecraft:stone_axe":80,"minecraft:cobblestone":95,"minecraft:potion":1,"vanillaplustools:iron_hammer":196,"minecraft:bucket":10,"minecraft:pumpkin_pie":4,"biomesoplenty:fir_log":21},"minecraft:dropped":{"biomesoplenty:fir_log":603,"farmersdelight:iron_knife":1,"minecraft:iron_sword":1,"minecraft:diamond":1,"minecraft:crafting_table":1,"minecraft:dark_oak_sapling":3,"minecraft:lantern":35,"minecraft:saddle":2,"biomesoplenty:fir_sapling":99,"minecraft:dirt":2,"minecraft:snowball":17,"gravestone:obituary":2,"minecraft:bone_meal":6,"minecraft:sand":12,"minecraft:iron_pickaxe":2,"minecraft:gold_ingot":10,"minecraft:bone":2,"minecraft:stone_axe":1,"vanillaplustools:stone_shovel":1,"aether:golden_gloves":2,"minecraft:wheat":64,"biomesoplenty:rainbow_birch_sapling":1,"minecraft:rotten_flesh":1,"minecraft:carrot":64,"minecraft:leather_leggings":1,"minecraft:arrow":32,"minecraft:glass":10,"minecraft:scaffolding":11,"minecraft:bread":65,"minecraft:iron_ingot":107,"minecraft:wheat_seeds":5,"minecraft:iron_helmet":1,"minecraft:cobblestone":31,"minecraft:grass_block":1,"minecraft:coal":12,"minecraft:stick":118,"modernlife:guitar":1,"minecraft:torch":50,"minecraft:melon_slice":64,"minecraft:potion":1,"minecraft:iron_leggings":2,"minecraft:iron_axe":1,"minecraft:chainmail_leggings":2,"minecraft:iron_shovel":2,"minecraft:string":1,"minecraft:spruce_sapling":4,"alexsmobs:maggot":1,"minecraft:stone_sword":1,"minecraft:iron_boots":2,"minecraft:iron_hoe":1,"sophisticatedbackpacks:backpack":2,"minecraft:suspicious_stew":1,"minecraft:diamond_sword":1,"minecraft:shield":1,"aether:iron_gloves":3,"minecraft:spruce_planks":10,"minecraft:iron_chestplate":1,"minecraft:spruce_log":191,"minecraft:stone_pickaxe":2},"minecraft:killed_by":{"minecraft:skeleton":3},"minecraft:custom":{"minecraft:interact_with_crafting_table":47,"minecraft:open_barrel":23,"minecraft:eat_cake_slice":4,"minecraft:leave_game":20,"minecraft:time_since_death":99719,"minecraft:damage_resisted":66,"minecraft:sprint_one_cm":1529916,"minecraft:damage_blocked_by_shield":650,"minecraft:drop":122,"minecraft:talked_to_villager":10,"minecraft:play_time":624484,"minecraft:deaths":7,"minecraft:jump":10342,"minecraft:walk_on_water_one_cm":45711,"minecraft:interact_with_furnace":32,"minecraft:traded_with_villager":55,"minecraft:sleep_in_bed":32,"minecraft:damage_dealt":11222,"minecraft:player_kills":1,"minecraft:crouch_one_cm":22436,"minecraft:horse_one_cm":541,"minecraft:interact_with_smithing_table":2,"minecraft:mob_kills":69,"minecraft:interact_with_anvil":10,"minecraft:damage_dealt_resisted":560,"minecraft:climb_one_cm":682,"minecraft:walk_one_cm":1262527,"minecraft:sneak_time":7444,"minecraft:walk_under_water_one_cm":19032,"minecraft:boat_one_cm":13185,"minecraft:interact_with_blast_furnace":19,"minecraft:total_world_time":624484,"minecraft:interact_with_grindstone":2,"minecraft:interact_with_stonecutter":11,"minecraft:time_since_rest":21273,"minecraft:damage_taken":9018,"minecraft:damage_absorbed":39,"minecraft:swim_one_cm":69197,"minecraft:fly_one_cm":2378709,"minecraft:open_chest":238,"minecraft:fall_one_cm":282616},"minecraft:picked_up":{"minecraft:anvil":1,"biomesoplenty:rainbow_birch_leaves":93,"aether:iron_gloves":1,"minecraft:potion":1,"biomesoplenty:rainbow_birch_sapling":7,"minecraft:string":11,"minecraft:raw_copper":62,"minecraft:iron_leggings":1,"vanillaplustools:stone_shovel":1,"minecraft:cobbled_deepslate":192,"biomesoplenty:fir_planks":1,"minecraft:spruce_planks":4,"natural_disasters:molten_rock":1,"minecraft:coal_block":3,"minecraft:stick":36,"minecraft:torch":15,"minecraft:spruce_stairs":1,"modernlife:oak_log_ramp":2,"minecraft:porkchop":2,"minecraft:diorite":20,"aether:golden_gloves":1,"minecraft:rotten_flesh":25,"minecraft:cobblestone":1509,"biomesoplenty:lavender":1,"minecraft:birch_log":11,"minecraft:lilac":1,"minecraft:cooked_beef":3,"minecraft:andesite":115,"biomesoplenty:fir_sapling":20,"biomesoplenty:fir_log":379,"minecraft:flint":2,"minecraft:tuff":6,"minecraft:lapis_lazuli":50,"minecraft:dirt":3042,"minecraft:lantern":40,"minecraft:bone":15,"minecraft:bow":1,"minecraft:wheat_seeds":113,"minecraft:raw_gold":36,"minecraft:grindstone":2,"minecraft:fletching_table":4,"minecraft:oak_planks":3,"minecraft:stone_hoe":1,"biomesoplenty:toadstool":12,"minecraft:sand":621,"minecraft:grass_block":379,"minecraft:dark_prismarine":2,"minecraft:diamond":14,"minecraft:granite":257,"minecraft:emerald":32,"minecraft:rooted_dirt":6,"alexsmobs:maggot":3,"minecraft:oak_sapling":5,"minecraft:oak_leaves":95,"minecraft:coarse_dirt":2,"minecraft:crafting_table":2,"minecraft:azure_bluet":2,"minecraft:leather_leggings":1,"minecraft:stone_brick_wall":58,"gravestone:obituary":1,"minecraft:blackstone":4,"minecraft:cracked_stone_bricks":1,"modernlife:oak_chair":2,"minecraft:poppy":1,"minecraft:lectern":3,"minecraft:copper_ore":3,"minecraft:dark_oak_sapling":9,"minecraft:raw_iron":191,"minecraft:stone":921,"minecraft:carrot":7,"minecraft:redstone":18,"minecraft:dark_oak_planks":3,"biomesoplenty:icy_iris":2,"minecraft:arrow":9,"minecraft:hay_block":10,"minecraft:mutton":9,"minecraft:white_wool":12,"minecraft:oxeye_daisy":1,"minecraft:basalt":1,"minecraft:tripwire_hook":1,"minecraft:leather":2,"minecraft:oak_log":105,"minecraft:gunpowder":2,"minecraft:apple":1,"minecraft:stone_bricks":33,"minecraft:stone_pickaxe":1,"minecraft:iron_ingot":144,"minecraft:iron_ore":1,"minecraft:iron_sword":1,"minecraft:dark_oak_stairs":2,"minecraft:book":9,"minecraft:dandelion":9,"minecraft:gravel":5,"minecraft:spruce_sapling":22,"minecraft:blast_furnace":2,"minecraft:white_bed":6,"minecraft:spruce_log":218,"minecraft:spider_eye":1,"biomesoplenty:maple_sapling":17,"minecraft:chainmail_leggings":1,"minecraft:acacia_slab":2,"minecraft:coal":211,"minecraft:ender_pearl":1},"minecraft:crafted":{"minecraft:oak_planks":140,"modernlife:guitar":1,"minecraft:stone":106,"minecraft:glass":10,"vanillaplustools:iron_hammer":1,"minecraft:iron_boots":1,"minecraft:chest":4,"vanillaplustools:stone_shovel":2,"minecraft:stone_hoe":1,"minecraft:emerald":44,"minecraft:arrow":112,"sophisticatedbackpacks:backpack":1,"minecraft:crafting_table":8,"minecraft:spruce_planks":184,"minecraft:wooden_pickaxe":2,"minecraft:iron_helmet":1,"modernlife:oak_chair":2,"biomesoplenty:fir_planks":768,"minecraft:iron_chestplate":2,"minecraft:diamond_pickaxe":1,"minecraft:shield":1,"minecraft:stick":1936,"minecraft:iron_ingot":80,"minecraft:iron_pickaxe":10,"minecraft:stone_sword":1,"minecraft:shears":2,"minecraft:stone_shovel":22,"minecraft:stone_brick_wall":4,"vanillaplustools:stone_hammer":1,"vanillaplustools:iron_shovel":2,"minecraft:bone_meal":39,"minecraft:spruce_stairs":8,"minecraft:leather":10,"minecraft:iron_axe":3,"minecraft:iron_hoe":1,"minecraft:stone_pickaxe":11,"minecraft:wheat":135,"sophisticatedbackpacks:iron_backpack":1,"minecraft:cooked_beef":8,"biomesoplenty:umbran_planks":248,"biomesoplenty:fir_boat":1,"minecraft:iron_sword":1,"minecraft:bucket":3,"minecraft:stone_axe":1,"minecraft:enchanted_book":4,"minecraft:bread":35,"minecraft:air":0,"minecraft:oak_boat":1,"modernlife:seed_spreader":1,"minecraft:wooden_axe":1,"minecraft:iron_shovel":20,"minecraft:iron_leggings":1,"minecraft:white_bed":4,"minecraft:torch":56}},"DataVersion":3465}