{"stats":{"minecraft:broken":{"minecraft:wooden_axe":1},"minecraft:killed_by":{"minecraft:skeleton":1},"minecraft:crafted":{"minecraft:oak_planks":132,"minecraft:stone_shovel":11,"vanillaplustools:stone_hammer":1,"minecraft:bone_meal":3,"minecraft:spruce_stairs":8,"minecraft:stone_pickaxe":10,"minecraft:chest":2,"vanillaplustools:stone_shovel":1,"minecraft:wheat":90,"minecraft:cooked_beef":1,"minecraft:crafting_table":5,"minecraft:spruce_planks":156,"minecraft:wooden_pickaxe":1,"minecraft:stone_axe":1,"minecraft:air":0,"minecraft:oak_boat":1,"minecraft:stick":44,"minecraft:wooden_axe":1,"minecraft:stone_sword":1,"minecraft:white_bed":4,"minecraft:torch":16,"minecraft:shears":1},"minecraft:mined":{"minecraft:dark_prismarine":6,"minecraft:spruce_planks":1,"minecraft:white_bed":7,"minecraft:deepslate_diamond_ore":1,"minecraft:red_nether_bricks":1,"gravestone:gravestone":1,"minecraft:granite":135,"biomesoplenty:bush":1,"minecraft:grass_block":140,"minecraft:jungle_planks":3,"minecraft:coal_block":3,"minecraft:spawner":1,"minecraft:hay_block":15,"minecraft:tall_seagrass":1,"biomesoplenty:toadstool":2,"minecraft:iron_ore":14,"minecraft:andesite":103,"minecraft:deepslate_lapis_ore":2,"minecraft:anvil":1,"biomesoplenty:rainbow_birch_leaves":3,"minecraft:deepslate_iron_ore":8,"minecraft:stone":1106,"minecraft:powder_snow":21,"minecraft:crafting_table":2,"minecraft:torch":3,"minecraft:blast_furnace":1,"biomesoplenty:fir_planks":1,"minecraft:cobblestone":2,"minecraft:deepslate_gold_ore":8,"minecraft:grindstone":1,"minecraft:oak_planks":3,"minecraft:sugar_cane":1,"minecraft:diorite":15,"minecraft:wall_torch":2,"minecraft:cyan_wool":1,"minecraft:birch_log":6,"minecraft:spruce_log":45,"biomesoplenty:fir_log":1,"minecraft:grass":212,"minecraft:coal_ore":27,"minecraft:oak_log":48,"biomesoplenty:fir_leaves":3,"minecraft:sand":2,"minecraft:dirt":444,"minecraft:tripwire_hook":1,"minecraft:oak_leaves":3,"minecraft:deepslate":36,"minecraft:fern":20},"minecraft:dropped":{"minecraft:bread":32,"minecraft:wheat_seeds":2,"minecraft:diamond":1,"minecraft:dark_oak_sapling":3,"minecraft:cobblestone":31,"minecraft:stick":7,"minecraft:potion":1,"minecraft:spruce_sapling":4,"alexsmobs:maggot":1,"minecraft:wheat":64,"biomesoplenty:rainbow_birch_sapling":1,"minecraft:spruce_planks":10,"minecraft:leather_leggings":1,"minecraft:stone_pickaxe":1},"minecraft:killed":{"minecraft:spider":2,"minecraft:skeleton":2,"alexsmobs:banana_slug":1,"minecraft:drowned":1,"minecraft:pig":2,"minecraft:creeper":1,"minecraft:sheep":6,"minecraft:zombie":4,"alexsmobs:fly":1,"minecraft:cow":2},"minecraft:picked_up":{"minecraft:crafting_table":2,"minecraft:anvil":1,"minecraft:leather_leggings":1,"minecraft:potion":1,"biomesoplenty:rainbow_birch_sapling":6,"minecraft:cobbled_deepslate":38,"biomesoplenty:fir_planks":1,"minecraft:spruce_planks":2,"minecraft:coal_block":3,"minecraft:raw_iron":22,"minecraft:stick":16,"minecraft:torch":8,"minecraft:porkchop":2,"minecraft:diorite":15,"minecraft:arrow":2,"minecraft:rotten_flesh":3,"minecraft:hay_block":10,"minecraft:mutton":9,"minecraft:cobblestone":1062,"minecraft:white_wool":12,"minecraft:birch_log":7,"minecraft:cooked_beef":3,"minecraft:tripwire_hook":1,"minecraft:andesite":102,"minecraft:leather":2,"biomesoplenty:fir_log":6,"minecraft:oak_log":44,"minecraft:gunpowder":1,"minecraft:lapis_lazuli":14,"minecraft:dirt":520,"minecraft:bone":3,"minecraft:apple":1,"minecraft:wheat_seeds":25,"minecraft:raw_gold":8,"minecraft:stone_pickaxe":1,"minecraft:grindstone":1,"minecraft:oak_planks":3,"biomesoplenty:toadstool":1,"minecraft:sand":1,"minecraft:spruce_sapling":4,"minecraft:blast_furnace":1,"minecraft:white_bed":6,"minecraft:spruce_log":39,"minecraft:dark_prismarine":2,"biomesoplenty:maple_sapling":17,"minecraft:diamond":1,"minecraft:granite":129,"alexsmobs:maggot":3,"minecraft:oak_sapling":1,"minecraft:coal":27},"minecraft:used":{"minecraft:stone_sword":29,"minecraft:iron_shovel":221,"minecraft:spruce_planks":81,"minecraft:chest":2,"minecraft:iron_sword":64,"vanillaplustools:stone_hammer":194,"farmersdelight:mutton_chops":4,"minecraft:torch":21,"minecraft:dirt":315,"minecraft:mutton":3,"minecraft:anvil":1,"minecraft:spruce_stairs":1,"minecraft:wooden_axe":57,"alexsmobs:maggot":2,"minecraft:oak_sapling":1,"minecraft:cooked_beef":4,"minecraft:stone_pickaxe":25,"minecraft:oak_planks":52,"minecraft:wooden_pickaxe":48,"biomesoplenty:fir_planks":1,"minecraft:sand":1,"minecraft:crafting_table":7,"minecraft:mushroom_stew":5,"vanillaplustools:stone_shovel":59,"minecraft:blast_furnace":1,"minecraft:white_bed":10,"minecraft:cake":2,"minecraft:apple":11,"minecraft:bread":36,"minecraft:iron_pickaxe":74,"minecraft:stone_axe":80,"minecraft:cobblestone":23,"minecraft:potion":1,"minecraft:grindstone":1,"minecraft:pumpkin_pie":4,"minecraft:oak_boat":1,"minecraft:bone_meal":3},"minecraft:custom":{"minecraft:interact_with_smithing_table":1,"minecraft:mob_kills":22,"minecraft:interact_with_anvil":2,"minecraft:interact_with_crafting_table":16,"minecraft:open_barrel":22,"minecraft:damage_dealt_resisted":138,"minecraft:eat_cake_slice":2,"minecraft:leave_game":6,"minecraft:time_since_death":122082,"minecraft:sprint_one_cm":480913,"minecraft:walk_one_cm":321809,"minecraft:drop":20,"minecraft:play_time":180971,"minecraft:deaths":1,"minecraft:sneak_time":985,"minecraft:walk_under_water_one_cm":8598,"minecraft:boat_one_cm":13185,"minecraft:jump":3963,"minecraft:interact_with_blast_furnace":2,"minecraft:walk_on_water_one_cm":18825,"minecraft:total_world_time":180971,"minecraft:interact_with_furnace":5,"minecraft:interact_with_stonecutter":1,"minecraft:sleep_in_bed":12,"minecraft:time_since_rest":2112,"minecraft:damage_taken":2448,"minecraft:damage_dealt":3139,"minecraft:swim_one_cm":37922,"minecraft:fly_one_cm":923844,"minecraft:open_chest":59,"minecraft:crouch_one_cm":1994,"minecraft:fall_one_cm":129777}},"DataVersion":3465}