{"stats":{"minecraft:mined":{"minecraft:spruce_log":8},"minecraft:picked_up":{"minecraft:stick":2,"minecraft:spruce_sapling":2,"minecraft:spruce_log":8},"minecraft:used":{"minecraft:wooden_axe":7,"minecraft:crafting_table":1,"minecraft:pumpkin_pie":1,"minecraft:spruce_sign":1},"minecraft:dropped":{"minecraft:potato":1},"minecraft:custom":{"minecraft:time_since_rest":9955,"minecraft:open_chest":1,"minecraft:sprint_one_cm":19830,"minecraft:play_time":13070,"minecraft:walk_one_cm":6070,"minecraft:damage_taken":70,"minecraft:drop":1,"minecraft:jump":128,"minecraft:time_since_death":13070,"minecraft:leave_game":2,"minecraft:sleep_in_bed":1,"minecraft:total_world_time":13070,"minecraft:interact_with_crafting_table":2,"minecraft:fall_one_cm":6984,"minecraft:fly_one_cm":26260},"minecraft:crafted":{"minecraft:spruce_sign":3,"minecraft:crafting_table":1,"minecraft:spruce_planks":20,"minecraft:stick":4,"minecraft:wooden_axe":1}},"DataVersion":3465}