{"stats":{"minecraft:dropped":{"biomesoplenty:fir_log":603,"minecraft:bread":65,"farmersdelight:iron_knife":1,"minecraft:iron_sword":1,"minecraft:wheat_seeds":5,"minecraft:diamond":1,"minecraft:crafting_table":1,"minecraft:dark_oak_sapling":3,"minecraft:cobblestone":31,"minecraft:saddle":2,"minecraft:coal":12,"biomesoplenty:fir_sapling":99,"minecraft:stick":118,"minecraft:dirt":2,"minecraft:torch":50,"minecraft:snowball":17,"minecraft:potion":1,"gravestone:obituary":1,"minecraft:sand":12,"minecraft:iron_pickaxe":1,"minecraft:iron_shovel":1,"minecraft:spruce_sapling":4,"minecraft:bone":2,"minecraft:stone_axe":1,"alexsmobs:maggot":1,"vanillaplustools:stone_shovel":1,"minecraft:stone_sword":1,"aether:golden_gloves":2,"minecraft:wheat":64,"biomesoplenty:rainbow_birch_sapling":1,"minecraft:rotten_flesh":1,"aether:iron_gloves":2,"minecraft:spruce_planks":10,"minecraft:leather_leggings":1,"minecraft:spruce_log":155,"minecraft:arrow":2,"minecraft:glass":10,"minecraft:stone_pickaxe":2,"minecraft:scaffolding":11},"minecraft:used":{"minecraft:stone_sword":29,"minecraft:iron_shovel":614,"minecraft:stone_shovel":62,"minecraft:chest":2,"minecraft:spruce_planks":81,"minecraft:shield":4,"minecraft:iron_sword":119,"vanillaplustools:stone_hammer":245,"farmersdelight:mutton_chops":4,"minecraft:torch":36,"minecraft:dirt":742,"minecraft:mutton":3,"minecraft:anvil":1,"minecraft:spruce_stairs":1,"minecraft:wooden_axe":57,"alexsmobs:maggot":2,"minecraft:iron_axe":200,"minecraft:stone_bricks":33,"minecraft:oak_sapling":1,"minecraft:cooked_beef":4,"minecraft:cobbled_deepslate":29,"minecraft:dark_oak_sapling":3,"minecraft:stone_pickaxe":25,"minecraft:oak_planks":52,"minecraft:wooden_pickaxe":48,"biomesoplenty:fir_planks":1,"minecraft:cracked_stone_bricks":1,"minecraft:sand":248,"minecraft:crafting_table":9,"minecraft:blast_furnace":1,"minecraft:mushroom_stew":5,"vanillaplustools:stone_shovel":212,"minecraft:white_bed":10,"minecraft:cake":2,"minecraft:apple":11,"minecraft:bread":75,"minecraft:iron_pickaxe":213,"modernlife:oak_chair":4,"minecraft:stone_axe":80,"minecraft:cobblestone":37,"minecraft:potion":1,"minecraft:grindstone":1,"minecraft:pumpkin_pie":4,"minecraft:oak_boat":1,"biomesoplenty:fir_log":21,"minecraft:bone_meal":15},"minecraft:crafted":{"minecraft:oak_planks":132,"minecraft:stone_shovel":22,"vanillaplustools:stone_hammer":1,"minecraft:bone_meal":15,"minecraft:glass":10,"minecraft:spruce_stairs":8,"minecraft:iron_boots":1,"minecraft:iron_axe":1,"minecraft:stone_pickaxe":11,"minecraft:chest":2,"vanillaplustools:stone_shovel":2,"minecraft:wheat":90,"minecraft:cooked_beef":8,"minecraft:crafting_table":7,"minecraft:spruce_planks":156,"minecraft:wooden_pickaxe":1,"minecraft:iron_helmet":1,"modernlife:oak_chair":2,"minecraft:stone_axe":1,"minecraft:air":0,"biomesoplenty:fir_planks":128,"minecraft:oak_boat":1,"minecraft:iron_chestplate":2,"minecraft:shield":1,"minecraft:stick":184,"minecraft:iron_ingot":16,"minecraft:wooden_axe":1,"minecraft:stone_sword":1,"minecraft:iron_shovel":1,"minecraft:iron_leggings":1,"minecraft:white_bed":4,"minecraft:torch":32,"minecraft:shears":1},"minecraft:picked_up":{"minecraft:crafting_table":2,"minecraft:anvil":1,"minecraft:leather_leggings":1,"aether:iron_gloves":1,"minecraft:potion":1,"biomesoplenty:rainbow_birch_sapling":6,"minecraft:string":1,"minecraft:blackstone":4,"vanillaplustools:stone_shovel":1,"minecraft:cracked_stone_bricks":1,"minecraft:cobbled_deepslate":169,"biomesoplenty:fir_planks":1,"minecraft:spruce_planks":2,"natural_disasters:molten_rock":1,"modernlife:oak_chair":2,"minecraft:coal_block":3,"minecraft:dark_oak_sapling":3,"minecraft:stick":24,"minecraft:raw_iron":53,"minecraft:torch":10,"minecraft:porkchop":2,"minecraft:diorite":15,"aether:golden_gloves":1,"minecraft:redstone":18,"minecraft:arrow":5,"minecraft:rotten_flesh":5,"minecraft:hay_block":10,"minecraft:mutton":9,"minecraft:cobblestone":1275,"minecraft:white_wool":12,"minecraft:birch_log":7,"minecraft:cooked_beef":3,"minecraft:basalt":1,"minecraft:tripwire_hook":1,"minecraft:andesite":102,"minecraft:leather":2,"biomesoplenty:fir_log":213,"minecraft:oak_log":44,"minecraft:gunpowder":1,"minecraft:lapis_lazuli":29,"minecraft:dirt":1511,"minecraft:bone":7,"minecraft:apple":1,"minecraft:stone_bricks":33,"minecraft:bow":1,"minecraft:wheat_seeds":62,"minecraft:iron_ingot":31,"minecraft:raw_gold":8,"minecraft:stone_pickaxe":1,"minecraft:grindstone":1,"minecraft:iron_sword":1,"minecraft:oak_planks":3,"biomesoplenty:toadstool":1,"minecraft:dandelion":7,"minecraft:sand":303,"minecraft:spruce_sapling":22,"minecraft:blast_furnace":1,"minecraft:white_bed":6,"minecraft:spruce_log":194,"minecraft:dark_prismarine":2,"biomesoplenty:maple_sapling":17,"minecraft:diamond":6,"minecraft:granite":255,"alexsmobs:maggot":3,"minecraft:oak_sapling":1,"minecraft:coal":43},"minecraft:killed":{"minecraft:spider":3,"minecraft:skeleton":7,"alexsmobs:banana_slug":1,"minecraft:drowned":1,"minecraft:pig":2,"minecraft:creeper":1,"minecraft:sheep":6,"minecraft:zombie":6,"alexsmobs:fly":1,"minecraft:cow":2},"minecraft:killed_by":{"minecraft:skeleton":2},"minecraft:broken":{"minecraft:iron_shovel":1,"vanillaplustools:stone_hammer":1,"natural_disasters:molten_rock":1,"vanillaplustools:stone_shovel":1,"minecraft:wooden_axe":1},"minecraft:mined":{"minecraft:dark_prismarine":6,"minecraft:spruce_planks":1,"minecraft:white_bed":7,"natural_disasters:molten_pebble":1,"minecraft:deepslate_diamond_ore":6,"minecraft:red_nether_bricks":1,"gravestone:gravestone":4,"minecraft:granite":265,"biomesoplenty:bush":1,"minecraft:grass_block":674,"minecraft:jungle_planks":3,"minecraft:coal_block":3,"minecraft:oxeye_daisy":1,"minecraft:rooted_dirt":2,"minecraft:spawner":1,"minecraft:hay_block":15,"minecraft:tall_seagrass":1,"minecraft:magma_block":2,"minecraft:redstone_ore":4,"biomesoplenty:toadstool":2,"minecraft:iron_ore":28,"minecraft:andesite":103,"minecraft:deepslate_lapis_ore":2,"minecraft:anvil":1,"minecraft:azure_bluet":2,"biomesoplenty:rainbow_birch_leaves":3,"minecraft:deepslate_iron_ore":25,"minecraft:stone":1307,"minecraft:blackstone":13,"minecraft:basalt":4,"minecraft:dandelion":8,"minecraft:powder_snow":22,"minecraft:cornflower":1,"minecraft:crafting_table":2,"minecraft:torch":3,"minecraft:blast_furnace":1,"biomesoplenty:fir_planks":1,"modernlife:oak_chair":2,"minecraft:tall_grass":4,"minecraft:cobblestone":4,"biomesoplenty:sprout":2,"minecraft:lapis_ore":2,"minecraft:deepslate_gold_ore":8,"minecraft:grindstone":1,"minecraft:sugar_cane":1,"minecraft:oak_planks":3,"minecraft:diorite":15,"minecraft:wall_torch":3,"minecraft:cyan_wool":1,"minecraft:birch_log":6,"minecraft:spruce_log":219,"biomesoplenty:fir_log":1,"minecraft:grass":431,"minecraft:oak_log":48,"minecraft:coal_ore":43,"biomesoplenty:fir_leaves":3,"minecraft:dark_oak_sapling":3,"minecraft:sand":326,"minecraft:dirt":817,"minecraft:cracked_stone_bricks":1,"minecraft:tripwire_hook":1,"minecraft:stone_bricks":35,"minecraft:oak_leaves":3,"minecraft:deepslate":173,"minecraft:fern":51},"minecraft:custom":{"minecraft:interact_with_smithing_table":1,"minecraft:interact_with_anvil":2,"minecraft:mob_kills":31,"minecraft:interact_with_crafting_table":27,"minecraft:open_barrel":22,"minecraft:damage_dealt_resisted":138,"minecraft:eat_cake_slice":4,"minecraft:leave_game":16,"minecraft:time_since_death":72067,"minecraft:sprint_one_cm":724187,"minecraft:walk_one_cm":584904,"minecraft:damage_blocked_by_shield":130,"minecraft:drop":86,"minecraft:play_time":309313,"minecraft:sneak_time":4375,"minecraft:deaths":3,"minecraft:walk_under_water_one_cm":13746,"minecraft:boat_one_cm":13185,"minecraft:jump":6054,"minecraft:interact_with_blast_furnace":9,"minecraft:walk_on_water_one_cm":29414,"minecraft:total_world_time":309313,"minecraft:interact_with_furnace":14,"minecraft:interact_with_stonecutter":1,"minecraft:sleep_in_bed":19,"minecraft:time_since_rest":11980,"minecraft:damage_taken":5848,"minecraft:damage_dealt":5262,"minecraft:swim_one_cm":50687,"minecraft:fly_one_cm":1374900,"minecraft:player_kills":1,"minecraft:open_chest":90,"minecraft:crouch_one_cm":13545,"minecraft:fall_one_cm":194564,"minecraft:horse_one_cm":541}},"DataVersion":3465}