{"stats":{"minecraft:broken":{"minecraft:wooden_axe":1},"minecraft:killed_by":{"minecraft:skeleton":1},"minecraft:crafted":{"minecraft:cooked_beef":1,"minecraft:oak_planks":132,"vanillaplustools:stone_hammer":1,"minecraft:crafting_table":4,"minecraft:spruce_planks":156,"minecraft:wooden_pickaxe":1,"minecraft:stone_axe":1,"minecraft:air":0,"minecraft:oak_boat":1,"minecraft:spruce_stairs":8,"minecraft:stick":28,"minecraft:stone_pickaxe":10,"minecraft:wooden_axe":1,"minecraft:stone_sword":1,"minecraft:white_bed":2,"minecraft:wheat":90},"minecraft:mined":{"minecraft:dark_prismarine":6,"minecraft:spruce_planks":1,"minecraft:white_bed":5,"minecraft:red_nether_bricks":1,"minecraft:powder_snow":21,"minecraft:crafting_table":2,"gravestone:gravestone":1,"minecraft:granite":103,"minecraft:blast_furnace":1,"minecraft:grass_block":4,"biomesoplenty:fir_planks":1,"minecraft:jungle_planks":3,"minecraft:cobblestone":1,"minecraft:coal_block":3,"minecraft:grindstone":1,"minecraft:oak_planks":3,"minecraft:spawner":1,"minecraft:hay_block":15,"minecraft:cyan_wool":1,"biomesoplenty:toadstool":1,"minecraft:birch_log":6,"minecraft:iron_ore":2,"minecraft:spruce_log":45,"minecraft:andesite":92,"minecraft:anvil":1,"biomesoplenty:fir_log":1,"minecraft:grass":9,"minecraft:oak_log":48,"minecraft:coal_ore":4,"biomesoplenty:rainbow_birch_leaves":3,"minecraft:sand":2,"minecraft:dirt":13,"minecraft:tripwire_hook":1,"minecraft:stone":490,"minecraft:oak_leaves":3,"minecraft:fern":2},"minecraft:dropped":{"minecraft:bread":32,"alexsmobs:maggot":1,"minecraft:wheat_seeds":2,"biomesoplenty:rainbow_birch_sapling":1,"minecraft:cobblestone":31,"minecraft:stick":7,"minecraft:spruce_planks":10,"minecraft:potion":1,"minecraft:stone_pickaxe":1,"minecraft:spruce_sapling":4},"minecraft:killed":{"minecraft:pig":2,"minecraft:spider":1,"minecraft:sheep":6,"minecraft:zombie":1,"alexsmobs:banana_slug":1,"alexsmobs:fly":1,"minecraft:cow":2},"minecraft:picked_up":{"minecraft:birch_log":7,"minecraft:crafting_table":2,"minecraft:cooked_beef":3,"minecraft:anvil":1,"minecraft:tripwire_hook":1,"minecraft:andesite":91,"minecraft:leather":2,"minecraft:potion":1,"biomesoplenty:fir_log":1,"minecraft:oak_log":43,"biomesoplenty:rainbow_birch_sapling":6,"minecraft:dirt":13,"minecraft:apple":1,"minecraft:wheat_seeds":3,"biomesoplenty:fir_planks":1,"minecraft:spruce_planks":2,"minecraft:grindstone":1,"minecraft:stone_pickaxe":1,"minecraft:coal_block":3,"minecraft:oak_planks":3,"biomesoplenty:toadstool":1,"minecraft:stick":16,"minecraft:raw_iron":2,"minecraft:porkchop":2,"minecraft:sand":1,"minecraft:spruce_sapling":4,"minecraft:blast_furnace":1,"minecraft:white_bed":4,"minecraft:spruce_log":39,"minecraft:dark_prismarine":2,"biomesoplenty:maple_sapling":17,"minecraft:hay_block":10,"minecraft:granite":101,"alexsmobs:maggot":3,"minecraft:oak_sapling":1,"minecraft:mutton":9,"minecraft:coal":4,"minecraft:white_wool":6,"minecraft:cobblestone":457},"minecraft:used":{"minecraft:stone_sword":29,"minecraft:stone_pickaxe":25,"minecraft:oak_planks":47,"minecraft:spruce_planks":81,"minecraft:wooden_pickaxe":48,"biomesoplenty:fir_planks":1,"vanillaplustools:stone_hammer":114,"minecraft:sand":1,"minecraft:mutton":3,"minecraft:crafting_table":6,"minecraft:mushroom_stew":5,"minecraft:spruce_stairs":1,"minecraft:white_bed":5,"minecraft:cake":2,"minecraft:wooden_axe":57,"alexsmobs:maggot":2,"minecraft:apple":8,"minecraft:bread":18,"minecraft:stone_axe":80,"minecraft:cobblestone":23,"minecraft:potion":1,"minecraft:oak_sapling":1,"minecraft:pumpkin_pie":4,"minecraft:oak_boat":1,"minecraft:cooked_beef":4},"minecraft:custom":{"minecraft:interact_with_smithing_table":1,"minecraft:interact_with_furnace":5,"minecraft:mob_kills":14,"minecraft:interact_with_crafting_table":10,"minecraft:open_barrel":22,"minecraft:eat_cake_slice":2,"minecraft:interact_with_stonecutter":1,"minecraft:leave_game":4,"minecraft:time_since_death":58645,"minecraft:sleep_in_bed":6,"minecraft:time_since_rest":7225,"minecraft:sprint_one_cm":339657,"minecraft:damage_taken":1700,"minecraft:walk_one_cm":191224,"minecraft:drop":14,"minecraft:damage_dealt":1283,"minecraft:swim_one_cm":29381,"minecraft:fly_one_cm":665191,"minecraft:open_chest":50,"minecraft:crouch_one_cm":860,"minecraft:play_time":117534,"minecraft:deaths":1,"minecraft:sneak_time":522,"minecraft:walk_under_water_one_cm":5768,"minecraft:boat_one_cm":13185,"minecraft:jump":2851,"minecraft:interact_with_blast_furnace":2,"minecraft:walk_on_water_one_cm":14804,"minecraft:total_world_time":117534,"minecraft:fall_one_cm":93011}},"DataVersion":3465}