{"stats":{"minecraft:used":{"minecraft:wooden_axe":7,"minecraft:crafting_table":1,"minecraft:pumpkin_pie":1,"minecraft:spruce_sign":1},"minecraft:picked_up":{"minecraft:stick":2,"minecraft:spruce_sapling":2,"minecraft:spruce_log":8},"minecraft:crafted":{"minecraft:spruce_sign":3,"minecraft:crafting_table":1,"minecraft:spruce_planks":20,"minecraft:stick":4,"minecraft:wooden_axe":1},"minecraft:dropped":{"minecraft:potato":1},"minecraft:mined":{"minecraft:spruce_log":8},"minecraft:custom":{"minecraft:time_since_rest":14820,"minecraft:open_chest":1,"minecraft:sprint_one_cm":19845,"minecraft:play_time":17935,"minecraft:damage_taken":70,"minecraft:walk_one_cm":7141,"minecraft:drop":1,"minecraft:jump":133,"minecraft:leave_game":4,"minecraft:time_since_death":17935,"minecraft:sleep_in_bed":1,"minecraft:total_world_time":17935,"minecraft:interact_with_crafting_table":2,"minecraft:fall_one_cm":6984,"minecraft:fly_one_cm":26260}},"DataVersion":3465}