{"stats":{"minecraft:dropped":{"biomesoplenty:fir_log":603,"minecraft:iron_ingot":5,"minecraft:bread":65,"farmersdelight:iron_knife":1,"minecraft:iron_sword":1,"minecraft:wheat_seeds":5,"minecraft:diamond":1,"minecraft:crafting_table":1,"minecraft:dark_oak_sapling":3,"minecraft:cobblestone":31,"minecraft:saddle":2,"minecraft:coal":12,"biomesoplenty:fir_sapling":99,"minecraft:stick":118,"minecraft:dirt":2,"modernlife:guitar":1,"minecraft:torch":50,"minecraft:snowball":17,"minecraft:potion":1,"gravestone:obituary":1,"minecraft:sand":12,"minecraft:iron_pickaxe":1,"minecraft:iron_shovel":1,"minecraft:string":1,"minecraft:spruce_sapling":4,"minecraft:bone":2,"minecraft:stone_axe":1,"alexsmobs:maggot":1,"vanillaplustools:stone_shovel":1,"minecraft:stone_sword":1,"aether:golden_gloves":2,"minecraft:wheat":64,"biomesoplenty:rainbow_birch_sapling":1,"minecraft:rotten_flesh":1,"aether:iron_gloves":2,"minecraft:spruce_planks":10,"minecraft:leather_leggings":1,"minecraft:spruce_log":183,"minecraft:arrow":2,"minecraft:glass":10,"minecraft:stone_pickaxe":2,"minecraft:scaffolding":11},"minecraft:used":{"minecraft:stone_sword":29,"minecraft:iron_shovel":649,"minecraft:stone_shovel":92,"minecraft:chest":2,"minecraft:spruce_planks":82,"minecraft:shield":11,"minecraft:iron_sword":187,"vanillaplustools:stone_hammer":245,"farmersdelight:mutton_chops":4,"minecraft:torch":37,"minecraft:dirt":1883,"minecraft:mutton":3,"minecraft:anvil":2,"minecraft:spruce_stairs":1,"biomesoplenty:rainbow_birch_leaves":52,"minecraft:wooden_axe":57,"vanillaplustools:iron_shovel":195,"alexsmobs:maggot":2,"minecraft:iron_axe":448,"minecraft:stone_bricks":33,"minecraft:oak_sapling":1,"minecraft:cooked_beef":11,"minecraft:cobbled_deepslate":29,"minecraft:dark_oak_sapling":9,"minecraft:stone_pickaxe":25,"minecraft:oak_planks":52,"minecraft:wooden_pickaxe":56,"biomesoplenty:fir_planks":1,"minecraft:fletching_table":4,"minecraft:oak_leaves":75,"minecraft:cracked_stone_bricks":1,"minecraft:sand":248,"minecraft:white_bed":10,"minecraft:blast_furnace":1,"minecraft:mushroom_stew":5,"minecraft:crafting_table":10,"vanillaplustools:stone_shovel":212,"modernlife:oak_log_ramp":2,"minecraft:stone_brick_wall":137,"minecraft:cake":2,"minecraft:shears":208,"minecraft:diamond_pickaxe":15,"minecraft:apple":11,"minecraft:bread":93,"minecraft:iron_pickaxe":371,"minecraft:lectern":2,"modernlife:oak_chair":4,"biomesoplenty:toadstool":5,"minecraft:stone_axe":80,"minecraft:potion":1,"minecraft:cobblestone":78,"minecraft:grindstone":1,"minecraft:andesite":9,"minecraft:pumpkin_pie":4,"biomesoplenty:fir_log":21,"minecraft:oak_boat":1,"minecraft:coarse_dirt":1,"minecraft:bone_meal":27},"minecraft:crafted":{"minecraft:oak_planks":132,"minecraft:stone_shovel":22,"minecraft:stone_brick_wall":4,"vanillaplustools:stone_hammer":1,"vanillaplustools:iron_shovel":1,"modernlife:guitar":1,"minecraft:stone":106,"minecraft:bone_meal":27,"minecraft:glass":10,"minecraft:spruce_stairs":8,"minecraft:leather":10,"minecraft:iron_boots":1,"minecraft:iron_axe":2,"minecraft:stone_pickaxe":11,"minecraft:chest":3,"vanillaplustools:stone_shovel":2,"minecraft:stone_hoe":1,"sophisticatedbackpacks:iron_backpack":1,"minecraft:wheat":135,"minecraft:cooked_beef":8,"sophisticatedbackpacks:backpack":1,"minecraft:arrow":112,"minecraft:emerald":19,"minecraft:crafting_table":8,"minecraft:spruce_planks":184,"minecraft:wooden_pickaxe":2,"minecraft:iron_helmet":1,"modernlife:oak_chair":2,"minecraft:stone_axe":1,"minecraft:enchanted_book":1,"minecraft:bread":35,"minecraft:air":0,"biomesoplenty:fir_planks":756,"minecraft:oak_boat":1,"minecraft:iron_chestplate":2,"minecraft:diamond_pickaxe":1,"minecraft:shield":1,"minecraft:stick":1456,"minecraft:iron_ingot":16,"minecraft:iron_pickaxe":1,"minecraft:wooden_axe":1,"minecraft:stone_sword":1,"minecraft:iron_shovel":10,"minecraft:iron_leggings":1,"minecraft:white_bed":4,"minecraft:torch":36,"minecraft:shears":2},"minecraft:picked_up":{"minecraft:crafting_table":2,"minecraft:coarse_dirt":2,"minecraft:anvil":1,"biomesoplenty:rainbow_birch_leaves":93,"minecraft:leather_leggings":1,"aether:iron_gloves":1,"minecraft:stone_brick_wall":31,"minecraft:potion":1,"biomesoplenty:rainbow_birch_sapling":7,"minecraft:string":9,"minecraft:blackstone":4,"vanillaplustools:stone_shovel":1,"minecraft:cracked_stone_bricks":1,"minecraft:cobbled_deepslate":169,"biomesoplenty:fir_planks":1,"minecraft:spruce_planks":3,"natural_disasters:molten_rock":1,"modernlife:oak_chair":2,"minecraft:lectern":2,"minecraft:coal_block":3,"minecraft:dark_oak_sapling":9,"minecraft:stick":33,"minecraft:raw_iron":97,"minecraft:torch":11,"modernlife:oak_log_ramp":2,"minecraft:porkchop":2,"minecraft:diorite":20,"aether:golden_gloves":1,"minecraft:carrot":7,"minecraft:redstone":18,"minecraft:arrow":6,"minecraft:rotten_flesh":13,"minecraft:hay_block":10,"minecraft:mutton":9,"minecraft:white_wool":12,"minecraft:cobblestone":1360,"biomesoplenty:lavender":1,"minecraft:birch_log":7,"minecraft:cooked_beef":3,"minecraft:basalt":1,"minecraft:tripwire_hook":1,"minecraft:andesite":111,"minecraft:leather":2,"biomesoplenty:fir_sapling":18,"biomesoplenty:fir_log":377,"minecraft:flint":2,"minecraft:tuff":1,"minecraft:oak_log":44,"minecraft:gunpowder":2,"minecraft:lapis_lazuli":29,"minecraft:dirt":2323,"minecraft:bone":11,"minecraft:apple":1,"minecraft:stone_bricks":33,"minecraft:bow":1,"minecraft:wheat_seeds":95,"minecraft:raw_gold":8,"minecraft:iron_ingot":76,"minecraft:grindstone":1,"minecraft:stone_pickaxe":1,"minecraft:fletching_table":4,"minecraft:stone_hoe":1,"minecraft:iron_sword":1,"minecraft:oak_planks":3,"minecraft:book":9,"biomesoplenty:toadstool":12,"minecraft:dandelion":7,"minecraft:gravel":4,"minecraft:sand":311,"minecraft:spruce_sapling":22,"minecraft:blast_furnace":1,"minecraft:white_bed":6,"minecraft:spruce_log":209,"minecraft:spider_eye":1,"minecraft:dark_prismarine":2,"biomesoplenty:maple_sapling":17,"minecraft:diamond":6,"minecraft:granite":255,"minecraft:emerald":32,"alexsmobs:maggot":3,"minecraft:rooted_dirt":6,"minecraft:oak_sapling":3,"minecraft:acacia_slab":2,"minecraft:coal":44,"minecraft:oak_leaves":95},"minecraft:killed":{"minecraft:spider":7,"minecraft:skeleton":10,"alexsmobs:banana_slug":1,"minecraft:drowned":1,"minecraft:pig":2,"minecraft:creeper":1,"minecraft:sheep":6,"minecraft:zombie":12,"mca:male_villager":1,"alexsmobs:fly":1,"minecraft:cow":2},"minecraft:killed_by":{"minecraft:skeleton":2},"minecraft:broken":{"minecraft:iron_shovel":1,"vanillaplustools:stone_hammer":1,"minecraft:iron_pickaxe":1,"natural_disasters:molten_rock":1,"vanillaplustools:stone_shovel":1,"minecraft:wooden_axe":1},"minecraft:mined":{"minecraft:dark_prismarine":6,"minecraft:tuff":1,"minecraft:white_bed":7,"minecraft:spruce_planks":1,"natural_disasters:molten_pebble":1,"minecraft:deepslate_diamond_ore":6,"farmersdelight:wild_carrots":7,"minecraft:red_nether_bricks":1,"gravestone:gravestone":7,"minecraft:granite":265,"biomesoplenty:bush":1,"minecraft:stone_brick_wall":32,"minecraft:grass_block":1002,"minecraft:jungle_planks":3,"minecraft:coal_block":3,"minecraft:acacia_slab":2,"minecraft:oxeye_daisy":1,"minecraft:rooted_dirt":7,"minecraft:spawner":1,"minecraft:hay_block":15,"minecraft:tall_seagrass":1,"minecraft:redstone_ore":4,"minecraft:magma_block":2,"biomesoplenty:toadstool":12,"minecraft:iron_ore":61,"minecraft:andesite":112,"minecraft:anvil":1,"minecraft:deepslate_lapis_ore":2,"minecraft:fletching_table":4,"minecraft:azure_bluet":2,"minecraft:bookshelf":3,"biomesoplenty:rainbow_birch_leaves":102,"minecraft:deepslate_iron_ore":36,"minecraft:stone":1380,"minecraft:blackstone":13,"minecraft:basalt":4,"minecraft:dandelion":10,"minecraft:powder_snow":22,"minecraft:cornflower":1,"minecraft:crafting_table":2,"minecraft:torch":4,"minecraft:blast_furnace":1,"biomesoplenty:fir_planks":1,"minecraft:lectern":2,"minecraft:tall_grass":5,"modernlife:oak_chair":2,"minecraft:cobblestone":11,"biomesoplenty:sprout":4,"minecraft:deepslate_gold_ore":8,"minecraft:lapis_ore":2,"minecraft:oak_planks":3,"minecraft:grindstone":1,"minecraft:sugar_cane":1,"minecraft:wall_torch":3,"minecraft:diorite":20,"mca:cross_headstone":1,"minecraft:cyan_wool":1,"minecraft:coarse_dirt":2,"minecraft:birch_log":6,"minecraft:spruce_log":219,"biomesoplenty:fir_log":182,"minecraft:grass":658,"minecraft:oak_log":48,"minecraft:coal_ore":44,"biomesoplenty:fir_leaves":6,"minecraft:dark_oak_sapling":9,"minecraft:gravel":5,"minecraft:sand":335,"minecraft:dirt":1384,"minecraft:cracked_stone_bricks":1,"minecraft:tripwire_hook":1,"minecraft:stone_bricks":35,"minecraft:oak_leaves":116,"minecraft:deepslate":173,"minecraft:fern":152},"minecraft:custom":{"minecraft:interact_with_smithing_table":2,"minecraft:interact_with_anvil":5,"minecraft:mob_kills":45,"minecraft:interact_with_crafting_table":38,"minecraft:open_barrel":22,"minecraft:damage_dealt_resisted":138,"minecraft:eat_cake_slice":4,"minecraft:leave_game":17,"minecraft:time_since_death":44307,"minecraft:sprint_one_cm":1158769,"minecraft:walk_one_cm":928431,"minecraft:damage_blocked_by_shield":620,"minecraft:drop":91,"minecraft:talked_to_villager":4,"minecraft:play_time":441254,"minecraft:sneak_time":5894,"minecraft:deaths":6,"minecraft:walk_under_water_one_cm":13899,"minecraft:boat_one_cm":13185,"minecraft:jump":8176,"minecraft:interact_with_blast_furnace":13,"minecraft:walk_on_water_one_cm":32019,"minecraft:total_world_time":441254,"minecraft:interact_with_furnace":30,"minecraft:traded_with_villager":27,"minecraft:interact_with_stonecutter":8,"minecraft:interact_with_grindstone":2,"minecraft:sleep_in_bed":26,"minecraft:time_since_rest":2480,"minecraft:damage_taken":7350,"minecraft:damage_dealt":7899,"minecraft:player_kills":1,"minecraft:swim_one_cm":51371,"minecraft:fly_one_cm":1900926,"minecraft:open_chest":178,"minecraft:crouch_one_cm":18765,"minecraft:fall_one_cm":238332,"minecraft:horse_one_cm":541}},"DataVersion":3465}