{"stats":{"minecraft:mined":{"minecraft:dark_oak_planks":12,"minecraft:deepslate_tiles":1,"minecraft:tuff":3,"minecraft:redstone_block":2,"minecraft:glass_pane":2,"minecraft:comparator":2,"minecraft:deepslate_diamond_ore":10,"minecraft:sculk_vein":99,"minecraft:deepslate_tile_slab":1,"minecraft:dark_oak_log":8,"gravestone:gravestone":4,"minecraft:note_block":2,"minecraft:deepslate_tile_wall":1,"minecraft:redstone_wire":1,"minecraft:sculk_sensor":135,"minecraft:deepslate_bricks":2,"minecraft:deepslate_gold_ore":24,"minecraft:sculk":807,"minecraft:gray_wool":14,"minecraft:repeater":13,"minecraft:sculk_catalyst":5,"minecraft:furnace":1,"minecraft:sticky_piston":5,"minecraft:sculk_shrieker":50,"minecraft:bookshelf":1,"minecraft:deepslate_iron_ore":3,"minecraft:gray_carpet":3,"minecraft:deepslate":41},"minecraft:used":{"minecraft:gray_carpet":2,"minecraft:stone_pickaxe":19,"minecraft:diamond_hoe":1096,"minecraft:wooden_pickaxe":3,"minecraft:torch":192,"minecraft:glow_berries":46,"minecraft:comparator":1,"minecraft:crafting_table":3,"minecraft:deepslate_tile_slab":1,"minecraft:tuff":3,"minecraft:deepslate_tile_wall":1,"minecraft:deepslate_tiles":1,"minecraft:iron_pickaxe":82,"minecraft:furnace":1,"minecraft:cobbled_deepslate":20,"minecraft:gray_wool":9,"minecraft:experience_bottle":6,"minecraft:iron_leggings":1,"minecraft:soul_torch":17},"minecraft:dropped":{"minecraft:enchanted_book":2,"minecraft:furnace":1,"minecraft:diamond_leggings":1,"minecraft:sculk_sensor":1,"minecraft:echo_shard":15,"minecraft:stick":2,"minecraft:gray_wool":3,"minecraft:repeater":7,"minecraft:light_blue_carpet":2,"gravestone:obituary":4,"minecraft:amethyst_shard":7,"pfm:furniture_book":1,"minecraft:wooden_pickaxe":1,"minecraft:dark_oak_planks":1},"minecraft:killed_by":{"minecraft:player":1,"minecraft:warden":3},"minecraft:picked_up":{"minecraft:redstone_block":2,"minecraft:repeater":20,"aether:iron_gloves":2,"minecraft:tuff":3,"minecraft:deepslate_tile_slab":1,"minecraft:sticky_piston":5,"minecraft:gray_carpet":2,"minecraft:deepslate_tiles":1,"minecraft:comparator":1,"minecraft:cobbled_deepslate":31,"minecraft:raw_gold":24,"minecraft:echo_shard":15,"minecraft:deepslate_tile_wall":1,"minecraft:furnace":1,"minecraft:book":3,"minecraft:stick":8,"minecraft:raw_iron":3,"minecraft:note_block":2,"minecraft:amethyst_shard":7,"minecraft:soul_torch":1,"minecraft:dark_oak_log":8,"minecraft:dark_oak_planks":12,"minecraft:diamond":10,"minecraft:light_blue_carpet":2,"minecraft:gray_wool":19,"pfm:furniture_book":1,"minecraft:coal":59},"minecraft:custom":{"minecraft:interact_with_furnace":3,"minecraft:interact_with_crafting_table":5,"minecraft:open_barrel":1,"minecraft:leave_game":1,"minecraft:time_since_death":3304,"minecraft:climb_one_cm":4181,"minecraft:time_since_rest":3329,"minecraft:sprint_one_cm":128037,"minecraft:damage_taken":1857,"minecraft:walk_one_cm":512928,"minecraft:drop":18,"minecraft:play_noteblock":2,"minecraft:fly_one_cm":227081,"minecraft:open_chest":43,"minecraft:crouch_one_cm":209761,"minecraft:play_time":117543,"minecraft:deaths":5,"minecraft:sneak_time":40132,"minecraft:walk_under_water_one_cm":4523,"minecraft:jump":1685,"minecraft:walk_on_water_one_cm":19952,"minecraft:total_world_time":117543,"minecraft:fall_one_cm":59797},"minecraft:crafted":{"minecraft:crafting_table":3,"minecraft:wooden_pickaxe":1,"minecraft:furnace":1,"minecraft:air":0,"minecraft:stick":56,"minecraft:iron_ingot":3,"minecraft:iron_pickaxe":1,"minecraft:stone_pickaxe":1,"minecraft:dark_oak_planks":32,"minecraft:torch":192}},"DataVersion":3465}