{
  "minecraft:recipes/decorations/crafting_table": {
    "criteria": {
      "unlock_right_away": "2024-11-03 19:08:41 +0000"
    },
    "done": true
  },
  "pfm:grant_book_on_first_join": {
    "criteria": {
      "tick": "2024-11-03 19:08:41 +0000"
    },
    "done": true
  },
  "dungeons_arise:wda_root": {
    "criteria": {
      "WDA": "2024-11-03 19:08:41 +0000"
    },
    "done": true
  },
  "bakery:main/root": {
    "criteria": {
      "seeds": "2024-11-03 19:08:41 +0000"
    },
    "done": true
  },
  "farmersdelight:main/root": {
    "criteria": {
      "seeds": "2024-11-03 19:08:41 +0000"
    },
    "done": true
  },
  "biomesoplenty:biomesoplenty/root": {
    "criteria": {
      "highland": "2024-11-03 19:08:42 +0000"
    },
    "done": true
  },
  "biomesoplenty:biomesoplenty/all_biomes": {
    "criteria": {
      "highland": "2024-11-03 19:08:42 +0000",
      "field": "2024-11-03 19:10:51 +0000"
    },
    "done": false
  },
  "minecraft:adventure/adventuring_time": {
    "criteria": {
      "minecraft:river": "2024-11-03 19:11:15 +0000"
    },
    "done": false
  },
  "minecraft:adventure/sleep_in_bed": {
    "criteria": {
      "slept_in_bed": "2024-11-03 19:11:20 +0000"
    },
    "done": true
  },
  "pfm:recipes/furniture/spruce_kitchen_sink": {
    "criteria": {
      "has_planks": "2024-11-03 19:11:25 +0000"
    },
    "done": true
  },
  "pfm:recipes/furniture/spruce_kitchen_counter_oven": {
    "criteria": {
      "has_planks": "2024-11-03 19:11:25 +0000"
    },
    "done": true
  },
  "pfm:recipes/furniture/spruce_kitchen_wall_drawer": {
    "criteria": {
      "has_planks": "2024-11-03 19:11:25 +0000"
    },
    "done": true
  },
  "pfm:recipes/furniture/spruce_kitchen_wall_small_drawer": {
    "criteria": {
      "has_planks": "2024-11-03 19:11:25 +0000"
    },
    "done": true
  },
  "pfm:recipes/furniture/spruce_kitchen_wall_counter": {
    "criteria": {
      "has_planks": "2024-11-03 19:11:25 +0000"
    },
    "done": true
  },
  "pfm:recipes/furniture/spruce_raw_table_log": {
    "criteria": {
      "has_log": "2024-11-03 19:11:25 +0000"
    },
    "done": true
  },
  "minecraft:recipes/misc/charcoal": {
    "criteria": {
      "has_log": "2024-11-03 19:11:25 +0000"
    },
    "done": true
  },
  "pfm:recipes/furniture/spruce_kitchen_drawer": {
    "criteria": {
      "has_planks": "2024-11-03 19:11:25 +0000"
    },
    "done": true
  },
  "pfm:recipes/furniture/spruce_log_stool": {
    "criteria": {
      "has_log": "2024-11-03 19:11:25 +0000"
    },
    "done": true
  },
  "pfm:recipes/furniture/spruce_kitchen_counter": {
    "criteria": {
      "has_planks": "2024-11-03 19:11:25 +0000"
    },
    "done": true
  },
  "minecraft:recipes/building_blocks/spruce_wood": {
    "criteria": {
      "has_log": "2024-11-03 19:11:25 +0000"
    },
    "done": true
  },
  "pfm:recipes/furniture/spruce_kitchen_cabinet": {
    "criteria": {
      "has_planks": "2024-11-03 19:11:25 +0000"
    },
    "done": true
  },
  "minecraft:recipes/building_blocks/spruce_planks": {
    "criteria": {
      "has_logs": "2024-11-03 19:11:25 +0000"
    },
    "done": true
  },
  "farmersdelight:recipes/cooking/baked_cod_stew": {
    "criteria": {
      "has_any_ingredient": "2024-11-03 19:11:27 +0000"
    },
    "done": true
  },
  "minecraft:recipes/food/baked_potato_from_campfire_cooking": {
    "criteria": {
      "has_potato": "2024-11-03 19:11:27 +0000"
    },
    "done": true
  },
  "bakery:recipes/sandwich": {
    "criteria": {
      "has_bread": "2024-11-03 19:11:27 +0000"
    },
    "done": true
  },
  "minecraft:recipes/food/baked_potato": {
    "criteria": {
      "has_potato": "2024-11-03 19:11:27 +0000"
    },
    "done": true
  },
  "farmersdelight:recipes/cooking/beef_stew": {
    "criteria": {
      "has_any_ingredient": "2024-11-03 19:11:27 +0000"
    },
    "done": true
  },
  "minecraft:recipes/food/baked_potato_from_smoking": {
    "criteria": {
      "has_potato": "2024-11-03 19:11:27 +0000"
    },
    "done": true
  },
  "minecraft:recipes/decorations/ladder": {
    "criteria": {
      "has_stick": "2024-11-03 19:26:40 +0000"
    },
    "done": true
  },
  "pfm:recipes/furniture/spruce_table_dinner": {
    "criteria": {
      "has_planks": "2024-11-03 19:26:32 +0000"
    },
    "done": true
  },
  "pfm:recipes/furniture/spruce_classic_stool": {
    "criteria": {
      "has_planks": "2024-11-03 19:26:32 +0000"
    },
    "done": true
  },
  "minecraft:recipes/tools/wooden_axe": {
    "criteria": {
      "has_stick": "2024-11-03 19:26:40 +0000"
    },
    "done": true
  },
  "minecraft:recipes/decorations/chest": {
    "criteria": {
      "has_lots_of_items": "2024-11-03 19:27:01 +0000"
    },
    "done": true
  },
  "minecraft:recipes/misc/stick": {
    "criteria": {
      "has_planks": "2024-11-03 19:26:32 +0000"
    },
    "done": true
  },
  "pfm:recipes/root": {
    "criteria": {
      "has_planks": "2024-11-03 19:26:32 +0000"
    },
    "done": true
  },
  "bakery:recipes/cupcake_display": {
    "criteria": {
      "has_stick": "2024-11-03 19:26:40 +0000"
    },
    "done": true
  },
  "minecraft:recipes/decorations/spruce_fence": {
    "criteria": {
      "has_planks": "2024-11-03 19:26:32 +0000"
    },
    "done": true
  },
  "minecraft:recipes/redstone/spruce_button": {
    "criteria": {
      "has_planks": "2024-11-03 19:26:32 +0000"
    },
    "done": true
  },
  "pfm:recipes/furniture/spruce_simple_stool": {
    "criteria": {
      "has_planks": "2024-11-03 19:26:32 +0000"
    },
    "done": true
  },
  "minecraft:recipes/redstone/spruce_pressure_plate": {
    "criteria": {
      "has_planks": "2024-11-03 19:26:32 +0000"
    },
    "done": true
  },
  "minecraft:recipes/decorations/campfire": {
    "criteria": {
      "has_stick": "2024-11-03 19:26:40 +0000"
    },
    "done": true
  },
  "minecraft:recipes/tools/wooden_hoe": {
    "criteria": {
      "has_stick": "2024-11-03 19:26:40 +0000"
    },
    "done": true
  },
  "pfm:recipes/furniture/spruce_chair_classic": {
    "criteria": {
      "has_planks": "2024-11-03 19:26:32 +0000"
    },
    "done": true
  },
  "pfm:recipes/furniture/spruce_chair_dinner": {
    "criteria": {
      "has_planks": "2024-11-03 19:26:32 +0000"
    },
    "done": true
  },
  "minecraft:recipes/tools/wooden_shovel": {
    "criteria": {
      "has_stick": "2024-11-03 19:26:40 +0000"
    },
    "done": true
  },
  "minecraft:recipes/combat/wooden_sword": {
    "criteria": {
      "has_stick": "2024-11-03 19:26:40 +0000"
    },
    "done": true
  },
  "minecraft:recipes/decorations/barrel": {
    "criteria": {
      "has_planks": "2024-11-03 19:26:32 +0000"
    },
    "done": true
  },
  "pfm:recipes/furniture/spruce_simple_bunk_ladder": {
    "criteria": {
      "has_planks": "2024-11-03 19:26:32 +0000"
    },
    "done": true
  },
  "pfm:recipes/furniture/spruce_table_modern_dinner": {
    "criteria": {
      "has_planks": "2024-11-03 19:26:32 +0000"
    },
    "done": true
  },
  "pfm:recipes/furniture/spruce_table_log": {
    "criteria": {
      "has_log": "2024-11-03 19:26:32 +0000"
    },
    "done": true
  },
  "farmersdelight:recipes/combat/flint_knife": {
    "criteria": {
      "has_stick": "2024-11-03 19:26:40 +0000"
    },
    "done": true
  },
  "minecraft:recipes/decorations/spruce_sign": {
    "criteria": {
      "has_planks": "2024-11-03 19:26:32 +0000"
    },
    "done": true
  },
  "minecraft:husbandry/root": {
    "criteria": {
      "consumed_item": "2024-11-03 19:25:45 +0000"
    },
    "done": true
  },
  "minecraft:recipes/building_blocks/spruce_slab": {
    "criteria": {
      "has_planks": "2024-11-03 19:26:32 +0000"
    },
    "done": true
  },
  "aether:recipes/tools/wooden_axe_repairing": {
    "criteria": {
      "has_wooden_axe": "2024-11-03 19:26:41 +0000"
    },
    "done": true
  },
  "pfm:recipes/furniture/spruce_classic_nightstand": {
    "criteria": {
      "has_planks": "2024-11-03 19:26:32 +0000"
    },
    "done": true
  },
  "pfm:recipes/furniture/spruce_modern_stool": {
    "criteria": {
      "has_planks": "2024-11-03 19:26:32 +0000"
    },
    "done": true
  },
  "minecraft:recipes/tools/wooden_pickaxe": {
    "criteria": {
      "has_stick": "2024-11-03 19:26:40 +0000"
    },
    "done": true
  },
  "aether:recipes/decorations/skyroot_chest": {
    "criteria": {
      "has_lots_of_items": "2024-11-03 19:27:01 +0000"
    },
    "done": true
  },
  "minecraft:recipes/redstone/spruce_trapdoor": {
    "criteria": {
      "has_planks": "2024-11-03 19:26:32 +0000"
    },
    "done": true
  },
  "minecraft:recipes/redstone/spruce_door": {
    "criteria": {
      "has_planks": "2024-11-03 19:26:32 +0000"
    },
    "done": true
  },
  "pfm:recipes/furniture/spruce_table_classic": {
    "criteria": {
      "has_planks": "2024-11-03 19:26:32 +0000"
    },
    "done": true
  },
  "minecraft:recipes/redstone/spruce_fence_gate": {
    "criteria": {
      "has_planks": "2024-11-03 19:26:32 +0000"
    },
    "done": true
  },
  "pfm:recipes/furniture/spruce_table_basic": {
    "criteria": {
      "has_planks": "2024-11-03 19:26:32 +0000"
    },
    "done": true
  },
  "bakery:recipes/bread_box": {
    "criteria": {
      "has_stick": "2024-11-03 19:26:40 +0000"
    },
    "done": true
  },
  "pfm:recipes/furniture/spruce_chair": {
    "criteria": {
      "has_planks": "2024-11-03 19:26:32 +0000"
    },
    "done": true
  },
  "farmersdelight:recipes/decorations/cutting_board": {
    "criteria": {
      "has_stick": "2024-11-03 19:26:40 +0000"
    },
    "done": true
  },
  "minecraft:husbandry/balanced_diet": {
    "criteria": {
      "pumpkin_pie": "2024-11-03 19:25:45 +0000"
    },
    "done": false
  },
  "minecraft:recipes/building_blocks/spruce_stairs": {
    "criteria": {
      "has_planks": "2024-11-03 19:26:32 +0000"
    },
    "done": true
  },
  "pfm:recipes/furniture/spruce_chair_modern": {
    "criteria": {
      "has_planks": "2024-11-03 19:26:32 +0000"
    },
    "done": true
  },
  "minecraft:story/root": {
    "criteria": {
      "crafting_table": "2024-11-03 19:26:34 +0000"
    },
    "done": true
  },
  "DataVersion": 3465
}